ISO-10303-21;
HEADER;
/* Generated by software containing ST-Developer
 * from STEP Tools, Inc. (www.steptools.com) 
 */

FILE_DESCRIPTION(
/* description */ (''),
/* implementation_level */ '2;1');

FILE_NAME(
/* name */ 'ESC_HAKRC_20A.step',
/* time_stamp */ '2026-03-13T16:57:01+01:00',
/* author */ (''),
/* organization */ (''),
/* preprocessor_version */ 'ST-DEVELOPER v20.1',
/* originating_system */ 'Autodesk Translation Framework v14.24.0.0',
/* authorisation */ '');

FILE_SCHEMA (('AUTOMOTIVE_DESIGN { 1 0 10303 214 3 1 1 }'));
ENDSEC;

DATA;
#10=MECHANICAL_DESIGN_GEOMETRIC_PRESENTATION_REPRESENTATION('',(#13,#14,
#15,#16,#17,#18,#19,#20,#21,#22,#23,#24,#25,#26,#27,#28,#29,#30,#31,#32,
#33,#34,#35,#36,#37,#38,#39,#40),#4416);
#11=SHAPE_REPRESENTATION_RELATIONSHIP('SRR','None',#4423,#12);
#12=ADVANCED_BREP_SHAPE_REPRESENTATION('',(#41,#42,#43,#44,#45,#46,#47,
#48,#49,#50,#51,#52,#53,#54,#55,#56,#57,#58,#59,#60,#61,#62,#63,#64,#65,
#66,#67,#68),#4415);
#13=STYLED_ITEM('',(#4433),#41);
#14=STYLED_ITEM('',(#4434),#42);
#15=STYLED_ITEM('',(#4434),#43);
#16=STYLED_ITEM('',(#4434),#44);
#17=STYLED_ITEM('',(#4434),#45);
#18=STYLED_ITEM('',(#4434),#46);
#19=STYLED_ITEM('',(#4434),#47);
#20=STYLED_ITEM('',(#4434),#48);
#21=STYLED_ITEM('',(#4434),#49);
#22=STYLED_ITEM('',(#4434),#50);
#23=STYLED_ITEM('',(#4434),#51);
#24=STYLED_ITEM('',(#4434),#52);
#25=STYLED_ITEM('',(#4434),#53);
#26=STYLED_ITEM('',(#4434),#54);
#27=STYLED_ITEM('',(#4434),#55);
#28=STYLED_ITEM('',(#4435),#56);
#29=STYLED_ITEM('',(#4434),#57);
#30=STYLED_ITEM('',(#4434),#58);
#31=STYLED_ITEM('',(#4434),#59);
#32=STYLED_ITEM('',(#4434),#60);
#33=STYLED_ITEM('',(#4434),#61);
#34=STYLED_ITEM('',(#4434),#62);
#35=STYLED_ITEM('',(#4434),#63);
#36=STYLED_ITEM('',(#4434),#64);
#37=STYLED_ITEM('',(#4434),#65);
#38=STYLED_ITEM('',(#4434),#66);
#39=STYLED_ITEM('',(#4434),#67);
#40=STYLED_ITEM('',(#4434),#68);
#41=MANIFOLD_SOLID_BREP('PCB',#2737);
#42=MANIFOLD_SOLID_BREP('Body2',#2738);
#43=MANIFOLD_SOLID_BREP('Body3',#2739);
#44=MANIFOLD_SOLID_BREP('Body4',#2740);
#45=MANIFOLD_SOLID_BREP('Body5',#2741);
#46=MANIFOLD_SOLID_BREP('Body6',#2742);
#47=MANIFOLD_SOLID_BREP('Body7',#2743);
#48=MANIFOLD_SOLID_BREP('Body8',#2744);
#49=MANIFOLD_SOLID_BREP('Body9',#2745);
#50=MANIFOLD_SOLID_BREP('Body10',#2746);
#51=MANIFOLD_SOLID_BREP('Body11',#2747);
#52=MANIFOLD_SOLID_BREP('Body12',#2748);
#53=MANIFOLD_SOLID_BREP('Body13',#2749);
#54=MANIFOLD_SOLID_BREP('Body14',#2750);
#55=MANIFOLD_SOLID_BREP('Body15',#2751);
#56=MANIFOLD_SOLID_BREP('Socket',#2752);
#57=MANIFOLD_SOLID_BREP('Body17',#2753);
#58=MANIFOLD_SOLID_BREP('Body18',#2754);
#59=MANIFOLD_SOLID_BREP('Body19',#2755);
#60=MANIFOLD_SOLID_BREP('Body20',#2756);
#61=MANIFOLD_SOLID_BREP('Body21',#2757);
#62=MANIFOLD_SOLID_BREP('Body22',#2758);
#63=MANIFOLD_SOLID_BREP('Body23',#2759);
#64=MANIFOLD_SOLID_BREP('Body24',#2760);
#65=MANIFOLD_SOLID_BREP('Body25',#2761);
#66=MANIFOLD_SOLID_BREP('Body26',#2762);
#67=MANIFOLD_SOLID_BREP('Body27',#2763);
#68=MANIFOLD_SOLID_BREP('Body28',#2764);
#69=FACE_BOUND('',#426,.T.);
#70=FACE_BOUND('',#427,.T.);
#71=FACE_BOUND('',#428,.T.);
#72=FACE_BOUND('',#429,.T.);
#73=FACE_BOUND('',#431,.T.);
#74=FACE_BOUND('',#432,.T.);
#75=FACE_BOUND('',#433,.T.);
#76=FACE_BOUND('',#434,.T.);
#77=PLANE('',#2790);
#78=PLANE('',#2791);
#79=PLANE('',#2792);
#80=PLANE('',#2793);
#81=PLANE('',#2794);
#82=PLANE('',#2795);
#83=PLANE('',#2796);
#84=PLANE('',#2797);
#85=PLANE('',#2798);
#86=PLANE('',#2799);
#87=PLANE('',#2800);
#88=PLANE('',#2801);
#89=PLANE('',#2802);
#90=PLANE('',#2803);
#91=PLANE('',#2804);
#92=PLANE('',#2805);
#93=PLANE('',#2806);
#94=PLANE('',#2807);
#95=PLANE('',#2808);
#96=PLANE('',#2809);
#97=PLANE('',#2810);
#98=PLANE('',#2811);
#99=PLANE('',#2812);
#100=PLANE('',#2813);
#101=PLANE('',#2814);
#102=PLANE('',#2815);
#103=PLANE('',#2816);
#104=PLANE('',#2817);
#105=PLANE('',#2818);
#106=PLANE('',#2819);
#107=PLANE('',#2820);
#108=PLANE('',#2821);
#109=PLANE('',#2822);
#110=PLANE('',#2823);
#111=PLANE('',#2824);
#112=PLANE('',#2825);
#113=PLANE('',#2826);
#114=PLANE('',#2827);
#115=PLANE('',#2828);
#116=PLANE('',#2829);
#117=PLANE('',#2830);
#118=PLANE('',#2831);
#119=PLANE('',#2832);
#120=PLANE('',#2833);
#121=PLANE('',#2834);
#122=PLANE('',#2835);
#123=PLANE('',#2836);
#124=PLANE('',#2837);
#125=PLANE('',#2838);
#126=PLANE('',#2839);
#127=PLANE('',#2840);
#128=PLANE('',#2841);
#129=PLANE('',#2842);
#130=PLANE('',#2843);
#131=PLANE('',#2844);
#132=PLANE('',#2845);
#133=PLANE('',#2846);
#134=PLANE('',#2847);
#135=PLANE('',#2848);
#136=PLANE('',#2849);
#137=PLANE('',#2850);
#138=PLANE('',#2851);
#139=PLANE('',#2852);
#140=PLANE('',#2853);
#141=PLANE('',#2854);
#142=PLANE('',#2855);
#143=PLANE('',#2856);
#144=PLANE('',#2857);
#145=PLANE('',#2858);
#146=PLANE('',#2859);
#147=PLANE('',#2860);
#148=PLANE('',#2861);
#149=PLANE('',#2862);
#150=PLANE('',#2863);
#151=PLANE('',#2864);
#152=PLANE('',#2865);
#153=PLANE('',#2866);
#154=PLANE('',#2867);
#155=PLANE('',#2868);
#156=PLANE('',#2869);
#157=PLANE('',#2870);
#158=PLANE('',#2871);
#159=PLANE('',#2872);
#160=PLANE('',#2873);
#161=PLANE('',#2874);
#162=PLANE('',#2875);
#163=PLANE('',#2876);
#164=PLANE('',#2877);
#165=PLANE('',#2878);
#166=PLANE('',#2879);
#167=PLANE('',#2880);
#168=PLANE('',#2881);
#169=PLANE('',#2882);
#170=PLANE('',#2883);
#171=PLANE('',#2884);
#172=PLANE('',#2885);
#173=PLANE('',#2886);
#174=PLANE('',#2887);
#175=PLANE('',#2888);
#176=PLANE('',#2889);
#177=PLANE('',#2890);
#178=PLANE('',#2891);
#179=PLANE('',#2892);
#180=PLANE('',#2893);
#181=PLANE('',#2894);
#182=PLANE('',#2895);
#183=PLANE('',#2896);
#184=PLANE('',#2897);
#185=PLANE('',#2898);
#186=PLANE('',#2899);
#187=PLANE('',#2900);
#188=PLANE('',#2901);
#189=PLANE('',#2902);
#190=PLANE('',#2903);
#191=PLANE('',#2904);
#192=PLANE('',#2905);
#193=PLANE('',#2906);
#194=PLANE('',#2907);
#195=PLANE('',#2908);
#196=PLANE('',#2909);
#197=PLANE('',#2910);
#198=PLANE('',#2911);
#199=PLANE('',#2912);
#200=PLANE('',#2913);
#201=PLANE('',#2914);
#202=PLANE('',#2915);
#203=PLANE('',#2916);
#204=PLANE('',#2917);
#205=PLANE('',#2918);
#206=PLANE('',#2919);
#207=PLANE('',#2920);
#208=PLANE('',#2921);
#209=PLANE('',#2922);
#210=PLANE('',#2923);
#211=PLANE('',#2924);
#212=PLANE('',#2925);
#213=PLANE('',#2926);
#214=PLANE('',#2927);
#215=PLANE('',#2928);
#216=PLANE('',#2929);
#217=PLANE('',#2930);
#218=PLANE('',#2931);
#219=PLANE('',#2932);
#220=PLANE('',#2933);
#221=PLANE('',#2934);
#222=PLANE('',#2935);
#223=PLANE('',#2936);
#224=PLANE('',#2937);
#225=PLANE('',#2938);
#226=PLANE('',#2939);
#227=PLANE('',#2940);
#228=PLANE('',#2941);
#229=PLANE('',#2942);
#230=PLANE('',#2943);
#231=PLANE('',#2944);
#232=PLANE('',#2945);
#233=PLANE('',#2946);
#234=PLANE('',#2947);
#235=PLANE('',#2948);
#236=PLANE('',#2949);
#237=PLANE('',#2950);
#238=PLANE('',#2951);
#239=PLANE('',#2952);
#240=PLANE('',#2953);
#241=PLANE('',#2954);
#242=PLANE('',#2955);
#243=PLANE('',#2956);
#244=PLANE('',#2957);
#245=FACE_OUTER_BOUND('',#417,.T.);
#246=FACE_OUTER_BOUND('',#418,.T.);
#247=FACE_OUTER_BOUND('',#419,.T.);
#248=FACE_OUTER_BOUND('',#420,.T.);
#249=FACE_OUTER_BOUND('',#421,.T.);
#250=FACE_OUTER_BOUND('',#422,.T.);
#251=FACE_OUTER_BOUND('',#423,.T.);
#252=FACE_OUTER_BOUND('',#424,.T.);
#253=FACE_OUTER_BOUND('',#425,.T.);
#254=FACE_OUTER_BOUND('',#430,.T.);
#255=FACE_OUTER_BOUND('',#435,.T.);
#256=FACE_OUTER_BOUND('',#436,.T.);
#257=FACE_OUTER_BOUND('',#437,.T.);
#258=FACE_OUTER_BOUND('',#438,.T.);
#259=FACE_OUTER_BOUND('',#439,.T.);
#260=FACE_OUTER_BOUND('',#440,.T.);
#261=FACE_OUTER_BOUND('',#441,.T.);
#262=FACE_OUTER_BOUND('',#442,.T.);
#263=FACE_OUTER_BOUND('',#443,.T.);
#264=FACE_OUTER_BOUND('',#444,.T.);
#265=FACE_OUTER_BOUND('',#445,.T.);
#266=FACE_OUTER_BOUND('',#446,.T.);
#267=FACE_OUTER_BOUND('',#447,.T.);
#268=FACE_OUTER_BOUND('',#448,.T.);
#269=FACE_OUTER_BOUND('',#449,.T.);
#270=FACE_OUTER_BOUND('',#450,.T.);
#271=FACE_OUTER_BOUND('',#451,.T.);
#272=FACE_OUTER_BOUND('',#452,.T.);
#273=FACE_OUTER_BOUND('',#453,.T.);
#274=FACE_OUTER_BOUND('',#454,.T.);
#275=FACE_OUTER_BOUND('',#455,.T.);
#276=FACE_OUTER_BOUND('',#456,.T.);
#277=FACE_OUTER_BOUND('',#457,.T.);
#278=FACE_OUTER_BOUND('',#458,.T.);
#279=FACE_OUTER_BOUND('',#459,.T.);
#280=FACE_OUTER_BOUND('',#460,.T.);
#281=FACE_OUTER_BOUND('',#461,.T.);
#282=FACE_OUTER_BOUND('',#462,.T.);
#283=FACE_OUTER_BOUND('',#463,.T.);
#284=FACE_OUTER_BOUND('',#464,.T.);
#285=FACE_OUTER_BOUND('',#465,.T.);
#286=FACE_OUTER_BOUND('',#466,.T.);
#287=FACE_OUTER_BOUND('',#467,.T.);
#288=FACE_OUTER_BOUND('',#468,.T.);
#289=FACE_OUTER_BOUND('',#469,.T.);
#290=FACE_OUTER_BOUND('',#470,.T.);
#291=FACE_OUTER_BOUND('',#471,.T.);
#292=FACE_OUTER_BOUND('',#472,.T.);
#293=FACE_OUTER_BOUND('',#473,.T.);
#294=FACE_OUTER_BOUND('',#474,.T.);
#295=FACE_OUTER_BOUND('',#475,.T.);
#296=FACE_OUTER_BOUND('',#476,.T.);
#297=FACE_OUTER_BOUND('',#477,.T.);
#298=FACE_OUTER_BOUND('',#478,.T.);
#299=FACE_OUTER_BOUND('',#479,.T.);
#300=FACE_OUTER_BOUND('',#480,.T.);
#301=FACE_OUTER_BOUND('',#481,.T.);
#302=FACE_OUTER_BOUND('',#482,.T.);
#303=FACE_OUTER_BOUND('',#483,.T.);
#304=FACE_OUTER_BOUND('',#484,.T.);
#305=FACE_OUTER_BOUND('',#485,.T.);
#306=FACE_OUTER_BOUND('',#486,.T.);
#307=FACE_OUTER_BOUND('',#487,.T.);
#308=FACE_OUTER_BOUND('',#488,.T.);
#309=FACE_OUTER_BOUND('',#489,.T.);
#310=FACE_OUTER_BOUND('',#490,.T.);
#311=FACE_OUTER_BOUND('',#491,.T.);
#312=FACE_OUTER_BOUND('',#492,.T.);
#313=FACE_OUTER_BOUND('',#493,.T.);
#314=FACE_OUTER_BOUND('',#494,.T.);
#315=FACE_OUTER_BOUND('',#495,.T.);
#316=FACE_OUTER_BOUND('',#496,.T.);
#317=FACE_OUTER_BOUND('',#497,.T.);
#318=FACE_OUTER_BOUND('',#498,.T.);
#319=FACE_OUTER_BOUND('',#499,.T.);
#320=FACE_OUTER_BOUND('',#500,.T.);
#321=FACE_OUTER_BOUND('',#501,.T.);
#322=FACE_OUTER_BOUND('',#502,.T.);
#323=FACE_OUTER_BOUND('',#503,.T.);
#324=FACE_OUTER_BOUND('',#504,.T.);
#325=FACE_OUTER_BOUND('',#505,.T.);
#326=FACE_OUTER_BOUND('',#506,.T.);
#327=FACE_OUTER_BOUND('',#507,.T.);
#328=FACE_OUTER_BOUND('',#508,.T.);
#329=FACE_OUTER_BOUND('',#509,.T.);
#330=FACE_OUTER_BOUND('',#510,.T.);
#331=FACE_OUTER_BOUND('',#511,.T.);
#332=FACE_OUTER_BOUND('',#512,.T.);
#333=FACE_OUTER_BOUND('',#513,.T.);
#334=FACE_OUTER_BOUND('',#514,.T.);
#335=FACE_OUTER_BOUND('',#515,.T.);
#336=FACE_OUTER_BOUND('',#516,.T.);
#337=FACE_OUTER_BOUND('',#517,.T.);
#338=FACE_OUTER_BOUND('',#518,.T.);
#339=FACE_OUTER_BOUND('',#519,.T.);
#340=FACE_OUTER_BOUND('',#520,.T.);
#341=FACE_OUTER_BOUND('',#521,.T.);
#342=FACE_OUTER_BOUND('',#522,.T.);
#343=FACE_OUTER_BOUND('',#523,.T.);
#344=FACE_OUTER_BOUND('',#524,.T.);
#345=FACE_OUTER_BOUND('',#525,.T.);
#346=FACE_OUTER_BOUND('',#526,.T.);
#347=FACE_OUTER_BOUND('',#527,.T.);
#348=FACE_OUTER_BOUND('',#528,.T.);
#349=FACE_OUTER_BOUND('',#529,.T.);
#350=FACE_OUTER_BOUND('',#530,.T.);
#351=FACE_OUTER_BOUND('',#531,.T.);
#352=FACE_OUTER_BOUND('',#532,.T.);
#353=FACE_OUTER_BOUND('',#533,.T.);
#354=FACE_OUTER_BOUND('',#534,.T.);
#355=FACE_OUTER_BOUND('',#535,.T.);
#356=FACE_OUTER_BOUND('',#536,.T.);
#357=FACE_OUTER_BOUND('',#537,.T.);
#358=FACE_OUTER_BOUND('',#538,.T.);
#359=FACE_OUTER_BOUND('',#539,.T.);
#360=FACE_OUTER_BOUND('',#540,.T.);
#361=FACE_OUTER_BOUND('',#541,.T.);
#362=FACE_OUTER_BOUND('',#542,.T.);
#363=FACE_OUTER_BOUND('',#543,.T.);
#364=FACE_OUTER_BOUND('',#544,.T.);
#365=FACE_OUTER_BOUND('',#545,.T.);
#366=FACE_OUTER_BOUND('',#546,.T.);
#367=FACE_OUTER_BOUND('',#547,.T.);
#368=FACE_OUTER_BOUND('',#548,.T.);
#369=FACE_OUTER_BOUND('',#549,.T.);
#370=FACE_OUTER_BOUND('',#550,.T.);
#371=FACE_OUTER_BOUND('',#551,.T.);
#372=FACE_OUTER_BOUND('',#552,.T.);
#373=FACE_OUTER_BOUND('',#553,.T.);
#374=FACE_OUTER_BOUND('',#554,.T.);
#375=FACE_OUTER_BOUND('',#555,.T.);
#376=FACE_OUTER_BOUND('',#556,.T.);
#377=FACE_OUTER_BOUND('',#557,.T.);
#378=FACE_OUTER_BOUND('',#558,.T.);
#379=FACE_OUTER_BOUND('',#559,.T.);
#380=FACE_OUTER_BOUND('',#560,.T.);
#381=FACE_OUTER_BOUND('',#561,.T.);
#382=FACE_OUTER_BOUND('',#562,.T.);
#383=FACE_OUTER_BOUND('',#563,.T.);
#384=FACE_OUTER_BOUND('',#564,.T.);
#385=FACE_OUTER_BOUND('',#565,.T.);
#386=FACE_OUTER_BOUND('',#566,.T.);
#387=FACE_OUTER_BOUND('',#567,.T.);
#388=FACE_OUTER_BOUND('',#568,.T.);
#389=FACE_OUTER_BOUND('',#569,.T.);
#390=FACE_OUTER_BOUND('',#570,.T.);
#391=FACE_OUTER_BOUND('',#571,.T.);
#392=FACE_OUTER_BOUND('',#572,.T.);
#393=FACE_OUTER_BOUND('',#573,.T.);
#394=FACE_OUTER_BOUND('',#574,.T.);
#395=FACE_OUTER_BOUND('',#575,.T.);
#396=FACE_OUTER_BOUND('',#576,.T.);
#397=FACE_OUTER_BOUND('',#577,.T.);
#398=FACE_OUTER_BOUND('',#578,.T.);
#399=FACE_OUTER_BOUND('',#579,.T.);
#400=FACE_OUTER_BOUND('',#580,.T.);
#401=FACE_OUTER_BOUND('',#581,.T.);
#402=FACE_OUTER_BOUND('',#582,.T.);
#403=FACE_OUTER_BOUND('',#583,.T.);
#404=FACE_OUTER_BOUND('',#584,.T.);
#405=FACE_OUTER_BOUND('',#585,.T.);
#406=FACE_OUTER_BOUND('',#586,.T.);
#407=FACE_OUTER_BOUND('',#587,.T.);
#408=FACE_OUTER_BOUND('',#588,.T.);
#409=FACE_OUTER_BOUND('',#589,.T.);
#410=FACE_OUTER_BOUND('',#590,.T.);
#411=FACE_OUTER_BOUND('',#591,.T.);
#412=FACE_OUTER_BOUND('',#592,.T.);
#413=FACE_OUTER_BOUND('',#593,.T.);
#414=FACE_OUTER_BOUND('',#594,.T.);
#415=FACE_OUTER_BOUND('',#595,.T.);
#416=FACE_OUTER_BOUND('',#596,.T.);
#417=EDGE_LOOP('',(#1865,#1866,#1867,#1868));
#418=EDGE_LOOP('',(#1869,#1870,#1871,#1872));
#419=EDGE_LOOP('',(#1873,#1874,#1875,#1876));
#420=EDGE_LOOP('',(#1877,#1878,#1879,#1880));
#421=EDGE_LOOP('',(#1881,#1882,#1883,#1884));
#422=EDGE_LOOP('',(#1885,#1886,#1887,#1888));
#423=EDGE_LOOP('',(#1889,#1890,#1891,#1892));
#424=EDGE_LOOP('',(#1893,#1894,#1895,#1896));
#425=EDGE_LOOP('',(#1897,#1898,#1899,#1900));
#426=EDGE_LOOP('',(#1901));
#427=EDGE_LOOP('',(#1902));
#428=EDGE_LOOP('',(#1903));
#429=EDGE_LOOP('',(#1904));
#430=EDGE_LOOP('',(#1905,#1906,#1907,#1908));
#431=EDGE_LOOP('',(#1909));
#432=EDGE_LOOP('',(#1910));
#433=EDGE_LOOP('',(#1911));
#434=EDGE_LOOP('',(#1912));
#435=EDGE_LOOP('',(#1913,#1914,#1915,#1916));
#436=EDGE_LOOP('',(#1917,#1918,#1919,#1920));
#437=EDGE_LOOP('',(#1921,#1922,#1923,#1924));
#438=EDGE_LOOP('',(#1925,#1926,#1927,#1928));
#439=EDGE_LOOP('',(#1929,#1930,#1931,#1932));
#440=EDGE_LOOP('',(#1933,#1934,#1935,#1936));
#441=EDGE_LOOP('',(#1937,#1938,#1939,#1940));
#442=EDGE_LOOP('',(#1941,#1942,#1943,#1944));
#443=EDGE_LOOP('',(#1945,#1946,#1947,#1948));
#444=EDGE_LOOP('',(#1949,#1950,#1951,#1952));
#445=EDGE_LOOP('',(#1953,#1954,#1955,#1956));
#446=EDGE_LOOP('',(#1957,#1958,#1959,#1960));
#447=EDGE_LOOP('',(#1961,#1962,#1963,#1964));
#448=EDGE_LOOP('',(#1965,#1966,#1967,#1968));
#449=EDGE_LOOP('',(#1969,#1970,#1971,#1972));
#450=EDGE_LOOP('',(#1973,#1974,#1975,#1976));
#451=EDGE_LOOP('',(#1977,#1978,#1979,#1980));
#452=EDGE_LOOP('',(#1981,#1982,#1983,#1984));
#453=EDGE_LOOP('',(#1985,#1986,#1987,#1988));
#454=EDGE_LOOP('',(#1989,#1990,#1991,#1992));
#455=EDGE_LOOP('',(#1993,#1994,#1995,#1996));
#456=EDGE_LOOP('',(#1997,#1998,#1999,#2000));
#457=EDGE_LOOP('',(#2001,#2002,#2003,#2004));
#458=EDGE_LOOP('',(#2005,#2006,#2007,#2008));
#459=EDGE_LOOP('',(#2009,#2010,#2011,#2012));
#460=EDGE_LOOP('',(#2013,#2014,#2015,#2016));
#461=EDGE_LOOP('',(#2017,#2018,#2019,#2020));
#462=EDGE_LOOP('',(#2021,#2022,#2023,#2024));
#463=EDGE_LOOP('',(#2025,#2026,#2027,#2028));
#464=EDGE_LOOP('',(#2029,#2030,#2031,#2032));
#465=EDGE_LOOP('',(#2033,#2034,#2035,#2036));
#466=EDGE_LOOP('',(#2037,#2038,#2039,#2040));
#467=EDGE_LOOP('',(#2041,#2042,#2043,#2044));
#468=EDGE_LOOP('',(#2045,#2046,#2047,#2048));
#469=EDGE_LOOP('',(#2049,#2050,#2051,#2052));
#470=EDGE_LOOP('',(#2053,#2054,#2055,#2056));
#471=EDGE_LOOP('',(#2057,#2058,#2059,#2060));
#472=EDGE_LOOP('',(#2061,#2062,#2063,#2064));
#473=EDGE_LOOP('',(#2065,#2066,#2067,#2068));
#474=EDGE_LOOP('',(#2069,#2070,#2071,#2072));
#475=EDGE_LOOP('',(#2073,#2074,#2075,#2076));
#476=EDGE_LOOP('',(#2077,#2078,#2079,#2080));
#477=EDGE_LOOP('',(#2081,#2082,#2083,#2084));
#478=EDGE_LOOP('',(#2085,#2086,#2087,#2088));
#479=EDGE_LOOP('',(#2089,#2090,#2091,#2092));
#480=EDGE_LOOP('',(#2093,#2094,#2095,#2096));
#481=EDGE_LOOP('',(#2097,#2098,#2099,#2100));
#482=EDGE_LOOP('',(#2101,#2102,#2103,#2104));
#483=EDGE_LOOP('',(#2105,#2106,#2107,#2108));
#484=EDGE_LOOP('',(#2109,#2110,#2111,#2112));
#485=EDGE_LOOP('',(#2113,#2114,#2115,#2116));
#486=EDGE_LOOP('',(#2117,#2118,#2119,#2120));
#487=EDGE_LOOP('',(#2121,#2122,#2123,#2124));
#488=EDGE_LOOP('',(#2125,#2126,#2127,#2128));
#489=EDGE_LOOP('',(#2129,#2130,#2131,#2132));
#490=EDGE_LOOP('',(#2133,#2134,#2135,#2136));
#491=EDGE_LOOP('',(#2137,#2138,#2139,#2140));
#492=EDGE_LOOP('',(#2141,#2142,#2143,#2144));
#493=EDGE_LOOP('',(#2145,#2146,#2147,#2148));
#494=EDGE_LOOP('',(#2149,#2150,#2151,#2152));
#495=EDGE_LOOP('',(#2153,#2154,#2155,#2156));
#496=EDGE_LOOP('',(#2157,#2158,#2159,#2160));
#497=EDGE_LOOP('',(#2161,#2162,#2163,#2164));
#498=EDGE_LOOP('',(#2165,#2166,#2167,#2168));
#499=EDGE_LOOP('',(#2169,#2170,#2171,#2172));
#500=EDGE_LOOP('',(#2173,#2174,#2175,#2176));
#501=EDGE_LOOP('',(#2177,#2178,#2179,#2180));
#502=EDGE_LOOP('',(#2181,#2182,#2183,#2184));
#503=EDGE_LOOP('',(#2185,#2186,#2187,#2188));
#504=EDGE_LOOP('',(#2189,#2190,#2191,#2192));
#505=EDGE_LOOP('',(#2193,#2194,#2195,#2196));
#506=EDGE_LOOP('',(#2197,#2198,#2199,#2200));
#507=EDGE_LOOP('',(#2201,#2202,#2203,#2204));
#508=EDGE_LOOP('',(#2205,#2206,#2207,#2208));
#509=EDGE_LOOP('',(#2209,#2210,#2211,#2212));
#510=EDGE_LOOP('',(#2213,#2214,#2215,#2216));
#511=EDGE_LOOP('',(#2217,#2218,#2219,#2220));
#512=EDGE_LOOP('',(#2221,#2222,#2223,#2224));
#513=EDGE_LOOP('',(#2225,#2226,#2227,#2228));
#514=EDGE_LOOP('',(#2229,#2230,#2231,#2232));
#515=EDGE_LOOP('',(#2233,#2234,#2235,#2236));
#516=EDGE_LOOP('',(#2237,#2238,#2239,#2240));
#517=EDGE_LOOP('',(#2241,#2242,#2243,#2244));
#518=EDGE_LOOP('',(#2245,#2246,#2247,#2248));
#519=EDGE_LOOP('',(#2249,#2250,#2251,#2252));
#520=EDGE_LOOP('',(#2253,#2254,#2255,#2256));
#521=EDGE_LOOP('',(#2257,#2258,#2259,#2260));
#522=EDGE_LOOP('',(#2261,#2262,#2263,#2264));
#523=EDGE_LOOP('',(#2265,#2266,#2267,#2268));
#524=EDGE_LOOP('',(#2269,#2270,#2271,#2272));
#525=EDGE_LOOP('',(#2273,#2274,#2275,#2276));
#526=EDGE_LOOP('',(#2277,#2278,#2279,#2280));
#527=EDGE_LOOP('',(#2281,#2282,#2283,#2284));
#528=EDGE_LOOP('',(#2285,#2286,#2287,#2288));
#529=EDGE_LOOP('',(#2289,#2290,#2291,#2292));
#530=EDGE_LOOP('',(#2293,#2294,#2295,#2296));
#531=EDGE_LOOP('',(#2297,#2298,#2299,#2300));
#532=EDGE_LOOP('',(#2301,#2302,#2303,#2304));
#533=EDGE_LOOP('',(#2305,#2306,#2307,#2308));
#534=EDGE_LOOP('',(#2309,#2310,#2311,#2312));
#535=EDGE_LOOP('',(#2313,#2314,#2315,#2316));
#536=EDGE_LOOP('',(#2317,#2318,#2319,#2320));
#537=EDGE_LOOP('',(#2321,#2322,#2323,#2324));
#538=EDGE_LOOP('',(#2325,#2326,#2327,#2328));
#539=EDGE_LOOP('',(#2329,#2330,#2331,#2332));
#540=EDGE_LOOP('',(#2333,#2334,#2335,#2336));
#541=EDGE_LOOP('',(#2337,#2338,#2339,#2340));
#542=EDGE_LOOP('',(#2341,#2342,#2343,#2344));
#543=EDGE_LOOP('',(#2345,#2346,#2347,#2348));
#544=EDGE_LOOP('',(#2349,#2350,#2351,#2352));
#545=EDGE_LOOP('',(#2353,#2354,#2355,#2356));
#546=EDGE_LOOP('',(#2357,#2358,#2359,#2360));
#547=EDGE_LOOP('',(#2361,#2362,#2363,#2364));
#548=EDGE_LOOP('',(#2365,#2366,#2367,#2368));
#549=EDGE_LOOP('',(#2369,#2370,#2371,#2372));
#550=EDGE_LOOP('',(#2373,#2374,#2375,#2376));
#551=EDGE_LOOP('',(#2377,#2378,#2379,#2380));
#552=EDGE_LOOP('',(#2381,#2382,#2383,#2384));
#553=EDGE_LOOP('',(#2385,#2386,#2387,#2388));
#554=EDGE_LOOP('',(#2389,#2390,#2391,#2392));
#555=EDGE_LOOP('',(#2393,#2394,#2395,#2396));
#556=EDGE_LOOP('',(#2397,#2398,#2399,#2400));
#557=EDGE_LOOP('',(#2401,#2402,#2403,#2404));
#558=EDGE_LOOP('',(#2405,#2406,#2407,#2408));
#559=EDGE_LOOP('',(#2409,#2410,#2411,#2412));
#560=EDGE_LOOP('',(#2413,#2414,#2415,#2416));
#561=EDGE_LOOP('',(#2417,#2418,#2419,#2420));
#562=EDGE_LOOP('',(#2421,#2422,#2423,#2424));
#563=EDGE_LOOP('',(#2425,#2426,#2427,#2428));
#564=EDGE_LOOP('',(#2429,#2430,#2431,#2432));
#565=EDGE_LOOP('',(#2433,#2434,#2435,#2436));
#566=EDGE_LOOP('',(#2437,#2438,#2439,#2440));
#567=EDGE_LOOP('',(#2441,#2442,#2443,#2444));
#568=EDGE_LOOP('',(#2445,#2446,#2447,#2448));
#569=EDGE_LOOP('',(#2449,#2450,#2451,#2452));
#570=EDGE_LOOP('',(#2453,#2454,#2455,#2456));
#571=EDGE_LOOP('',(#2457,#2458,#2459,#2460));
#572=EDGE_LOOP('',(#2461,#2462,#2463,#2464));
#573=EDGE_LOOP('',(#2465,#2466,#2467,#2468));
#574=EDGE_LOOP('',(#2469,#2470,#2471,#2472));
#575=EDGE_LOOP('',(#2473,#2474,#2475,#2476));
#576=EDGE_LOOP('',(#2477,#2478,#2479,#2480));
#577=EDGE_LOOP('',(#2481,#2482,#2483,#2484));
#578=EDGE_LOOP('',(#2485,#2486,#2487,#2488));
#579=EDGE_LOOP('',(#2489,#2490,#2491,#2492));
#580=EDGE_LOOP('',(#2493,#2494,#2495,#2496));
#581=EDGE_LOOP('',(#2497,#2498,#2499,#2500));
#582=EDGE_LOOP('',(#2501,#2502,#2503,#2504));
#583=EDGE_LOOP('',(#2505,#2506,#2507,#2508));
#584=EDGE_LOOP('',(#2509,#2510,#2511,#2512));
#585=EDGE_LOOP('',(#2513,#2514,#2515,#2516));
#586=EDGE_LOOP('',(#2517,#2518,#2519,#2520));
#587=EDGE_LOOP('',(#2521,#2522,#2523,#2524));
#588=EDGE_LOOP('',(#2525,#2526,#2527,#2528));
#589=EDGE_LOOP('',(#2529,#2530,#2531,#2532));
#590=EDGE_LOOP('',(#2533,#2534,#2535,#2536));
#591=EDGE_LOOP('',(#2537,#2538,#2539,#2540));
#592=EDGE_LOOP('',(#2541,#2542,#2543,#2544));
#593=EDGE_LOOP('',(#2545,#2546,#2547,#2548));
#594=EDGE_LOOP('',(#2549,#2550,#2551,#2552));
#595=EDGE_LOOP('',(#2553,#2554,#2555,#2556));
#596=EDGE_LOOP('',(#2557,#2558,#2559,#2560));
#597=LINE('',#3665,#937);
#598=LINE('',#3671,#938);
#599=LINE('',#3677,#939);
#600=LINE('',#3683,#940);
#601=LINE('',#3688,#941);
#602=LINE('',#3690,#942);
#603=LINE('',#3692,#943);
#604=LINE('',#3693,#944);
#605=LINE('',#3696,#945);
#606=LINE('',#3698,#946);
#607=LINE('',#3699,#947);
#608=LINE('',#3702,#948);
#609=LINE('',#3704,#949);
#610=LINE('',#3705,#950);
#611=LINE('',#3707,#951);
#612=LINE('',#3708,#952);
#613=LINE('',#3714,#953);
#614=LINE('',#3716,#954);
#615=LINE('',#3718,#955);
#616=LINE('',#3719,#956);
#617=LINE('',#3722,#957);
#618=LINE('',#3724,#958);
#619=LINE('',#3725,#959);
#620=LINE('',#3728,#960);
#621=LINE('',#3730,#961);
#622=LINE('',#3731,#962);
#623=LINE('',#3733,#963);
#624=LINE('',#3734,#964);
#625=LINE('',#3740,#965);
#626=LINE('',#3742,#966);
#627=LINE('',#3744,#967);
#628=LINE('',#3745,#968);
#629=LINE('',#3748,#969);
#630=LINE('',#3750,#970);
#631=LINE('',#3751,#971);
#632=LINE('',#3754,#972);
#633=LINE('',#3756,#973);
#634=LINE('',#3757,#974);
#635=LINE('',#3759,#975);
#636=LINE('',#3760,#976);
#637=LINE('',#3766,#977);
#638=LINE('',#3768,#978);
#639=LINE('',#3770,#979);
#640=LINE('',#3771,#980);
#641=LINE('',#3774,#981);
#642=LINE('',#3776,#982);
#643=LINE('',#3777,#983);
#644=LINE('',#3780,#984);
#645=LINE('',#3782,#985);
#646=LINE('',#3783,#986);
#647=LINE('',#3785,#987);
#648=LINE('',#3786,#988);
#649=LINE('',#3792,#989);
#650=LINE('',#3794,#990);
#651=LINE('',#3796,#991);
#652=LINE('',#3797,#992);
#653=LINE('',#3800,#993);
#654=LINE('',#3802,#994);
#655=LINE('',#3803,#995);
#656=LINE('',#3806,#996);
#657=LINE('',#3808,#997);
#658=LINE('',#3809,#998);
#659=LINE('',#3811,#999);
#660=LINE('',#3812,#1000);
#661=LINE('',#3818,#1001);
#662=LINE('',#3820,#1002);
#663=LINE('',#3822,#1003);
#664=LINE('',#3823,#1004);
#665=LINE('',#3826,#1005);
#666=LINE('',#3828,#1006);
#667=LINE('',#3829,#1007);
#668=LINE('',#3832,#1008);
#669=LINE('',#3834,#1009);
#670=LINE('',#3835,#1010);
#671=LINE('',#3837,#1011);
#672=LINE('',#3838,#1012);
#673=LINE('',#3844,#1013);
#674=LINE('',#3846,#1014);
#675=LINE('',#3848,#1015);
#676=LINE('',#3849,#1016);
#677=LINE('',#3852,#1017);
#678=LINE('',#3854,#1018);
#679=LINE('',#3855,#1019);
#680=LINE('',#3858,#1020);
#681=LINE('',#3860,#1021);
#682=LINE('',#3861,#1022);
#683=LINE('',#3863,#1023);
#684=LINE('',#3864,#1024);
#685=LINE('',#3870,#1025);
#686=LINE('',#3872,#1026);
#687=LINE('',#3874,#1027);
#688=LINE('',#3875,#1028);
#689=LINE('',#3878,#1029);
#690=LINE('',#3880,#1030);
#691=LINE('',#3881,#1031);
#692=LINE('',#3884,#1032);
#693=LINE('',#3886,#1033);
#694=LINE('',#3887,#1034);
#695=LINE('',#3889,#1035);
#696=LINE('',#3890,#1036);
#697=LINE('',#3896,#1037);
#698=LINE('',#3898,#1038);
#699=LINE('',#3900,#1039);
#700=LINE('',#3901,#1040);
#701=LINE('',#3904,#1041);
#702=LINE('',#3906,#1042);
#703=LINE('',#3907,#1043);
#704=LINE('',#3910,#1044);
#705=LINE('',#3912,#1045);
#706=LINE('',#3913,#1046);
#707=LINE('',#3915,#1047);
#708=LINE('',#3916,#1048);
#709=LINE('',#3922,#1049);
#710=LINE('',#3924,#1050);
#711=LINE('',#3926,#1051);
#712=LINE('',#3927,#1052);
#713=LINE('',#3930,#1053);
#714=LINE('',#3932,#1054);
#715=LINE('',#3933,#1055);
#716=LINE('',#3936,#1056);
#717=LINE('',#3938,#1057);
#718=LINE('',#3939,#1058);
#719=LINE('',#3941,#1059);
#720=LINE('',#3942,#1060);
#721=LINE('',#3948,#1061);
#722=LINE('',#3950,#1062);
#723=LINE('',#3952,#1063);
#724=LINE('',#3953,#1064);
#725=LINE('',#3956,#1065);
#726=LINE('',#3958,#1066);
#727=LINE('',#3959,#1067);
#728=LINE('',#3962,#1068);
#729=LINE('',#3964,#1069);
#730=LINE('',#3965,#1070);
#731=LINE('',#3967,#1071);
#732=LINE('',#3968,#1072);
#733=LINE('',#3974,#1073);
#734=LINE('',#3976,#1074);
#735=LINE('',#3978,#1075);
#736=LINE('',#3979,#1076);
#737=LINE('',#3982,#1077);
#738=LINE('',#3984,#1078);
#739=LINE('',#3985,#1079);
#740=LINE('',#3988,#1080);
#741=LINE('',#3990,#1081);
#742=LINE('',#3991,#1082);
#743=LINE('',#3993,#1083);
#744=LINE('',#3994,#1084);
#745=LINE('',#4000,#1085);
#746=LINE('',#4002,#1086);
#747=LINE('',#4004,#1087);
#748=LINE('',#4005,#1088);
#749=LINE('',#4008,#1089);
#750=LINE('',#4010,#1090);
#751=LINE('',#4011,#1091);
#752=LINE('',#4014,#1092);
#753=LINE('',#4016,#1093);
#754=LINE('',#4017,#1094);
#755=LINE('',#4019,#1095);
#756=LINE('',#4020,#1096);
#757=LINE('',#4026,#1097);
#758=LINE('',#4028,#1098);
#759=LINE('',#4030,#1099);
#760=LINE('',#4031,#1100);
#761=LINE('',#4034,#1101);
#762=LINE('',#4036,#1102);
#763=LINE('',#4037,#1103);
#764=LINE('',#4040,#1104);
#765=LINE('',#4042,#1105);
#766=LINE('',#4043,#1106);
#767=LINE('',#4045,#1107);
#768=LINE('',#4046,#1108);
#769=LINE('',#4052,#1109);
#770=LINE('',#4054,#1110);
#771=LINE('',#4056,#1111);
#772=LINE('',#4057,#1112);
#773=LINE('',#4060,#1113);
#774=LINE('',#4062,#1114);
#775=LINE('',#4063,#1115);
#776=LINE('',#4066,#1116);
#777=LINE('',#4068,#1117);
#778=LINE('',#4069,#1118);
#779=LINE('',#4071,#1119);
#780=LINE('',#4072,#1120);
#781=LINE('',#4078,#1121);
#782=LINE('',#4080,#1122);
#783=LINE('',#4082,#1123);
#784=LINE('',#4083,#1124);
#785=LINE('',#4086,#1125);
#786=LINE('',#4088,#1126);
#787=LINE('',#4089,#1127);
#788=LINE('',#4092,#1128);
#789=LINE('',#4094,#1129);
#790=LINE('',#4095,#1130);
#791=LINE('',#4097,#1131);
#792=LINE('',#4098,#1132);
#793=LINE('',#4104,#1133);
#794=LINE('',#4106,#1134);
#795=LINE('',#4108,#1135);
#796=LINE('',#4109,#1136);
#797=LINE('',#4112,#1137);
#798=LINE('',#4114,#1138);
#799=LINE('',#4115,#1139);
#800=LINE('',#4118,#1140);
#801=LINE('',#4120,#1141);
#802=LINE('',#4121,#1142);
#803=LINE('',#4123,#1143);
#804=LINE('',#4124,#1144);
#805=LINE('',#4130,#1145);
#806=LINE('',#4132,#1146);
#807=LINE('',#4134,#1147);
#808=LINE('',#4135,#1148);
#809=LINE('',#4138,#1149);
#810=LINE('',#4140,#1150);
#811=LINE('',#4141,#1151);
#812=LINE('',#4144,#1152);
#813=LINE('',#4146,#1153);
#814=LINE('',#4147,#1154);
#815=LINE('',#4149,#1155);
#816=LINE('',#4150,#1156);
#817=LINE('',#4156,#1157);
#818=LINE('',#4158,#1158);
#819=LINE('',#4160,#1159);
#820=LINE('',#4161,#1160);
#821=LINE('',#4164,#1161);
#822=LINE('',#4166,#1162);
#823=LINE('',#4167,#1163);
#824=LINE('',#4170,#1164);
#825=LINE('',#4172,#1165);
#826=LINE('',#4173,#1166);
#827=LINE('',#4175,#1167);
#828=LINE('',#4176,#1168);
#829=LINE('',#4182,#1169);
#830=LINE('',#4184,#1170);
#831=LINE('',#4186,#1171);
#832=LINE('',#4187,#1172);
#833=LINE('',#4190,#1173);
#834=LINE('',#4192,#1174);
#835=LINE('',#4193,#1175);
#836=LINE('',#4196,#1176);
#837=LINE('',#4198,#1177);
#838=LINE('',#4199,#1178);
#839=LINE('',#4201,#1179);
#840=LINE('',#4202,#1180);
#841=LINE('',#4208,#1181);
#842=LINE('',#4210,#1182);
#843=LINE('',#4212,#1183);
#844=LINE('',#4213,#1184);
#845=LINE('',#4216,#1185);
#846=LINE('',#4218,#1186);
#847=LINE('',#4219,#1187);
#848=LINE('',#4222,#1188);
#849=LINE('',#4224,#1189);
#850=LINE('',#4225,#1190);
#851=LINE('',#4227,#1191);
#852=LINE('',#4228,#1192);
#853=LINE('',#4234,#1193);
#854=LINE('',#4236,#1194);
#855=LINE('',#4238,#1195);
#856=LINE('',#4239,#1196);
#857=LINE('',#4242,#1197);
#858=LINE('',#4244,#1198);
#859=LINE('',#4245,#1199);
#860=LINE('',#4248,#1200);
#861=LINE('',#4250,#1201);
#862=LINE('',#4251,#1202);
#863=LINE('',#4253,#1203);
#864=LINE('',#4254,#1204);
#865=LINE('',#4260,#1205);
#866=LINE('',#4262,#1206);
#867=LINE('',#4264,#1207);
#868=LINE('',#4265,#1208);
#869=LINE('',#4268,#1209);
#870=LINE('',#4270,#1210);
#871=LINE('',#4271,#1211);
#872=LINE('',#4274,#1212);
#873=LINE('',#4276,#1213);
#874=LINE('',#4277,#1214);
#875=LINE('',#4279,#1215);
#876=LINE('',#4280,#1216);
#877=LINE('',#4286,#1217);
#878=LINE('',#4288,#1218);
#879=LINE('',#4290,#1219);
#880=LINE('',#4291,#1220);
#881=LINE('',#4294,#1221);
#882=LINE('',#4296,#1222);
#883=LINE('',#4297,#1223);
#884=LINE('',#4300,#1224);
#885=LINE('',#4302,#1225);
#886=LINE('',#4303,#1226);
#887=LINE('',#4305,#1227);
#888=LINE('',#4306,#1228);
#889=LINE('',#4312,#1229);
#890=LINE('',#4314,#1230);
#891=LINE('',#4316,#1231);
#892=LINE('',#4317,#1232);
#893=LINE('',#4320,#1233);
#894=LINE('',#4322,#1234);
#895=LINE('',#4323,#1235);
#896=LINE('',#4326,#1236);
#897=LINE('',#4328,#1237);
#898=LINE('',#4329,#1238);
#899=LINE('',#4331,#1239);
#900=LINE('',#4332,#1240);
#901=LINE('',#4338,#1241);
#902=LINE('',#4340,#1242);
#903=LINE('',#4342,#1243);
#904=LINE('',#4343,#1244);
#905=LINE('',#4346,#1245);
#906=LINE('',#4348,#1246);
#907=LINE('',#4349,#1247);
#908=LINE('',#4352,#1248);
#909=LINE('',#4354,#1249);
#910=LINE('',#4355,#1250);
#911=LINE('',#4357,#1251);
#912=LINE('',#4358,#1252);
#913=LINE('',#4364,#1253);
#914=LINE('',#4366,#1254);
#915=LINE('',#4368,#1255);
#916=LINE('',#4369,#1256);
#917=LINE('',#4372,#1257);
#918=LINE('',#4374,#1258);
#919=LINE('',#4375,#1259);
#920=LINE('',#4378,#1260);
#921=LINE('',#4380,#1261);
#922=LINE('',#4381,#1262);
#923=LINE('',#4383,#1263);
#924=LINE('',#4384,#1264);
#925=LINE('',#4390,#1265);
#926=LINE('',#4392,#1266);
#927=LINE('',#4394,#1267);
#928=LINE('',#4395,#1268);
#929=LINE('',#4398,#1269);
#930=LINE('',#4400,#1270);
#931=LINE('',#4401,#1271);
#932=LINE('',#4404,#1272);
#933=LINE('',#4406,#1273);
#934=LINE('',#4407,#1274);
#935=LINE('',#4409,#1275);
#936=LINE('',#4410,#1276);
#937=VECTOR('',#2964,1.);
#938=VECTOR('',#2971,1.);
#939=VECTOR('',#2978,0.999999999999999);
#940=VECTOR('',#2985,1.);
#941=VECTOR('',#2990,10.);
#942=VECTOR('',#2991,10.);
#943=VECTOR('',#2992,10.);
#944=VECTOR('',#2993,10.);
#945=VECTOR('',#2996,10.);
#946=VECTOR('',#2997,10.);
#947=VECTOR('',#2998,10.);
#948=VECTOR('',#3001,10.);
#949=VECTOR('',#3002,10.);
#950=VECTOR('',#3003,10.);
#951=VECTOR('',#3006,10.);
#952=VECTOR('',#3007,10.);
#953=VECTOR('',#3014,10.);
#954=VECTOR('',#3015,10.);
#955=VECTOR('',#3016,10.);
#956=VECTOR('',#3017,10.);
#957=VECTOR('',#3020,10.);
#958=VECTOR('',#3021,10.);
#959=VECTOR('',#3022,10.);
#960=VECTOR('',#3025,10.);
#961=VECTOR('',#3026,10.);
#962=VECTOR('',#3027,10.);
#963=VECTOR('',#3030,10.);
#964=VECTOR('',#3031,10.);
#965=VECTOR('',#3038,10.);
#966=VECTOR('',#3039,10.);
#967=VECTOR('',#3040,10.);
#968=VECTOR('',#3041,10.);
#969=VECTOR('',#3044,10.);
#970=VECTOR('',#3045,10.);
#971=VECTOR('',#3046,10.);
#972=VECTOR('',#3049,10.);
#973=VECTOR('',#3050,10.);
#974=VECTOR('',#3051,10.);
#975=VECTOR('',#3054,10.);
#976=VECTOR('',#3055,10.);
#977=VECTOR('',#3062,10.);
#978=VECTOR('',#3063,10.);
#979=VECTOR('',#3064,10.);
#980=VECTOR('',#3065,10.);
#981=VECTOR('',#3068,10.);
#982=VECTOR('',#3069,10.);
#983=VECTOR('',#3070,10.);
#984=VECTOR('',#3073,10.);
#985=VECTOR('',#3074,10.);
#986=VECTOR('',#3075,10.);
#987=VECTOR('',#3078,10.);
#988=VECTOR('',#3079,10.);
#989=VECTOR('',#3086,10.);
#990=VECTOR('',#3087,10.);
#991=VECTOR('',#3088,10.);
#992=VECTOR('',#3089,10.);
#993=VECTOR('',#3092,10.);
#994=VECTOR('',#3093,10.);
#995=VECTOR('',#3094,10.);
#996=VECTOR('',#3097,10.);
#997=VECTOR('',#3098,10.);
#998=VECTOR('',#3099,10.);
#999=VECTOR('',#3102,10.);
#1000=VECTOR('',#3103,10.);
#1001=VECTOR('',#3110,10.);
#1002=VECTOR('',#3111,10.);
#1003=VECTOR('',#3112,10.);
#1004=VECTOR('',#3113,10.);
#1005=VECTOR('',#3116,10.);
#1006=VECTOR('',#3117,10.);
#1007=VECTOR('',#3118,10.);
#1008=VECTOR('',#3121,10.);
#1009=VECTOR('',#3122,10.);
#1010=VECTOR('',#3123,10.);
#1011=VECTOR('',#3126,10.);
#1012=VECTOR('',#3127,10.);
#1013=VECTOR('',#3134,10.);
#1014=VECTOR('',#3135,10.);
#1015=VECTOR('',#3136,10.);
#1016=VECTOR('',#3137,10.);
#1017=VECTOR('',#3140,10.);
#1018=VECTOR('',#3141,10.);
#1019=VECTOR('',#3142,10.);
#1020=VECTOR('',#3145,10.);
#1021=VECTOR('',#3146,10.);
#1022=VECTOR('',#3147,10.);
#1023=VECTOR('',#3150,10.);
#1024=VECTOR('',#3151,10.);
#1025=VECTOR('',#3158,10.);
#1026=VECTOR('',#3159,10.);
#1027=VECTOR('',#3160,10.);
#1028=VECTOR('',#3161,10.);
#1029=VECTOR('',#3164,10.);
#1030=VECTOR('',#3165,10.);
#1031=VECTOR('',#3166,10.);
#1032=VECTOR('',#3169,10.);
#1033=VECTOR('',#3170,10.);
#1034=VECTOR('',#3171,10.);
#1035=VECTOR('',#3174,10.);
#1036=VECTOR('',#3175,10.);
#1037=VECTOR('',#3182,10.);
#1038=VECTOR('',#3183,10.);
#1039=VECTOR('',#3184,10.);
#1040=VECTOR('',#3185,10.);
#1041=VECTOR('',#3188,10.);
#1042=VECTOR('',#3189,10.);
#1043=VECTOR('',#3190,10.);
#1044=VECTOR('',#3193,10.);
#1045=VECTOR('',#3194,10.);
#1046=VECTOR('',#3195,10.);
#1047=VECTOR('',#3198,10.);
#1048=VECTOR('',#3199,10.);
#1049=VECTOR('',#3206,10.);
#1050=VECTOR('',#3207,10.);
#1051=VECTOR('',#3208,10.);
#1052=VECTOR('',#3209,10.);
#1053=VECTOR('',#3212,10.);
#1054=VECTOR('',#3213,10.);
#1055=VECTOR('',#3214,10.);
#1056=VECTOR('',#3217,10.);
#1057=VECTOR('',#3218,10.);
#1058=VECTOR('',#3219,10.);
#1059=VECTOR('',#3222,10.);
#1060=VECTOR('',#3223,10.);
#1061=VECTOR('',#3230,10.);
#1062=VECTOR('',#3231,10.);
#1063=VECTOR('',#3232,10.);
#1064=VECTOR('',#3233,10.);
#1065=VECTOR('',#3236,10.);
#1066=VECTOR('',#3237,10.);
#1067=VECTOR('',#3238,10.);
#1068=VECTOR('',#3241,10.);
#1069=VECTOR('',#3242,10.);
#1070=VECTOR('',#3243,10.);
#1071=VECTOR('',#3246,10.);
#1072=VECTOR('',#3247,10.);
#1073=VECTOR('',#3254,10.);
#1074=VECTOR('',#3255,10.);
#1075=VECTOR('',#3256,10.);
#1076=VECTOR('',#3257,10.);
#1077=VECTOR('',#3260,10.);
#1078=VECTOR('',#3261,10.);
#1079=VECTOR('',#3262,10.);
#1080=VECTOR('',#3265,10.);
#1081=VECTOR('',#3266,10.);
#1082=VECTOR('',#3267,10.);
#1083=VECTOR('',#3270,10.);
#1084=VECTOR('',#3271,10.);
#1085=VECTOR('',#3278,10.);
#1086=VECTOR('',#3279,10.);
#1087=VECTOR('',#3280,10.);
#1088=VECTOR('',#3281,10.);
#1089=VECTOR('',#3284,10.);
#1090=VECTOR('',#3285,10.);
#1091=VECTOR('',#3286,10.);
#1092=VECTOR('',#3289,10.);
#1093=VECTOR('',#3290,10.);
#1094=VECTOR('',#3291,10.);
#1095=VECTOR('',#3294,10.);
#1096=VECTOR('',#3295,10.);
#1097=VECTOR('',#3302,10.);
#1098=VECTOR('',#3303,10.);
#1099=VECTOR('',#3304,10.);
#1100=VECTOR('',#3305,10.);
#1101=VECTOR('',#3308,10.);
#1102=VECTOR('',#3309,10.);
#1103=VECTOR('',#3310,10.);
#1104=VECTOR('',#3313,10.);
#1105=VECTOR('',#3314,10.);
#1106=VECTOR('',#3315,10.);
#1107=VECTOR('',#3318,10.);
#1108=VECTOR('',#3319,10.);
#1109=VECTOR('',#3326,10.);
#1110=VECTOR('',#3327,10.);
#1111=VECTOR('',#3328,10.);
#1112=VECTOR('',#3329,10.);
#1113=VECTOR('',#3332,10.);
#1114=VECTOR('',#3333,10.);
#1115=VECTOR('',#3334,10.);
#1116=VECTOR('',#3337,10.);
#1117=VECTOR('',#3338,10.);
#1118=VECTOR('',#3339,10.);
#1119=VECTOR('',#3342,10.);
#1120=VECTOR('',#3343,10.);
#1121=VECTOR('',#3350,10.);
#1122=VECTOR('',#3351,10.);
#1123=VECTOR('',#3352,10.);
#1124=VECTOR('',#3353,10.);
#1125=VECTOR('',#3356,10.);
#1126=VECTOR('',#3357,10.);
#1127=VECTOR('',#3358,10.);
#1128=VECTOR('',#3361,10.);
#1129=VECTOR('',#3362,10.);
#1130=VECTOR('',#3363,10.);
#1131=VECTOR('',#3366,10.);
#1132=VECTOR('',#3367,10.);
#1133=VECTOR('',#3374,10.);
#1134=VECTOR('',#3375,10.);
#1135=VECTOR('',#3376,10.);
#1136=VECTOR('',#3377,10.);
#1137=VECTOR('',#3380,10.);
#1138=VECTOR('',#3381,10.);
#1139=VECTOR('',#3382,10.);
#1140=VECTOR('',#3385,10.);
#1141=VECTOR('',#3386,10.);
#1142=VECTOR('',#3387,10.);
#1143=VECTOR('',#3390,10.);
#1144=VECTOR('',#3391,10.);
#1145=VECTOR('',#3398,10.);
#1146=VECTOR('',#3399,10.);
#1147=VECTOR('',#3400,10.);
#1148=VECTOR('',#3401,10.);
#1149=VECTOR('',#3404,10.);
#1150=VECTOR('',#3405,10.);
#1151=VECTOR('',#3406,10.);
#1152=VECTOR('',#3409,10.);
#1153=VECTOR('',#3410,10.);
#1154=VECTOR('',#3411,10.);
#1155=VECTOR('',#3414,10.);
#1156=VECTOR('',#3415,10.);
#1157=VECTOR('',#3422,10.);
#1158=VECTOR('',#3423,10.);
#1159=VECTOR('',#3424,10.);
#1160=VECTOR('',#3425,10.);
#1161=VECTOR('',#3428,10.);
#1162=VECTOR('',#3429,10.);
#1163=VECTOR('',#3430,10.);
#1164=VECTOR('',#3433,10.);
#1165=VECTOR('',#3434,10.);
#1166=VECTOR('',#3435,10.);
#1167=VECTOR('',#3438,10.);
#1168=VECTOR('',#3439,10.);
#1169=VECTOR('',#3446,10.);
#1170=VECTOR('',#3447,10.);
#1171=VECTOR('',#3448,10.);
#1172=VECTOR('',#3449,10.);
#1173=VECTOR('',#3452,10.);
#1174=VECTOR('',#3453,10.);
#1175=VECTOR('',#3454,10.);
#1176=VECTOR('',#3457,10.);
#1177=VECTOR('',#3458,10.);
#1178=VECTOR('',#3459,10.);
#1179=VECTOR('',#3462,10.);
#1180=VECTOR('',#3463,10.);
#1181=VECTOR('',#3470,10.);
#1182=VECTOR('',#3471,10.);
#1183=VECTOR('',#3472,10.);
#1184=VECTOR('',#3473,10.);
#1185=VECTOR('',#3476,10.);
#1186=VECTOR('',#3477,10.);
#1187=VECTOR('',#3478,10.);
#1188=VECTOR('',#3481,10.);
#1189=VECTOR('',#3482,10.);
#1190=VECTOR('',#3483,10.);
#1191=VECTOR('',#3486,10.);
#1192=VECTOR('',#3487,10.);
#1193=VECTOR('',#3494,10.);
#1194=VECTOR('',#3495,10.);
#1195=VECTOR('',#3496,10.);
#1196=VECTOR('',#3497,10.);
#1197=VECTOR('',#3500,10.);
#1198=VECTOR('',#3501,10.);
#1199=VECTOR('',#3502,10.);
#1200=VECTOR('',#3505,10.);
#1201=VECTOR('',#3506,10.);
#1202=VECTOR('',#3507,10.);
#1203=VECTOR('',#3510,10.);
#1204=VECTOR('',#3511,10.);
#1205=VECTOR('',#3518,10.);
#1206=VECTOR('',#3519,10.);
#1207=VECTOR('',#3520,10.);
#1208=VECTOR('',#3521,10.);
#1209=VECTOR('',#3524,10.);
#1210=VECTOR('',#3525,10.);
#1211=VECTOR('',#3526,10.);
#1212=VECTOR('',#3529,10.);
#1213=VECTOR('',#3530,10.);
#1214=VECTOR('',#3531,10.);
#1215=VECTOR('',#3534,10.);
#1216=VECTOR('',#3535,10.);
#1217=VECTOR('',#3542,10.);
#1218=VECTOR('',#3543,10.);
#1219=VECTOR('',#3544,10.);
#1220=VECTOR('',#3545,10.);
#1221=VECTOR('',#3548,10.);
#1222=VECTOR('',#3549,10.);
#1223=VECTOR('',#3550,10.);
#1224=VECTOR('',#3553,10.);
#1225=VECTOR('',#3554,10.);
#1226=VECTOR('',#3555,10.);
#1227=VECTOR('',#3558,10.);
#1228=VECTOR('',#3559,10.);
#1229=VECTOR('',#3566,10.);
#1230=VECTOR('',#3567,10.);
#1231=VECTOR('',#3568,10.);
#1232=VECTOR('',#3569,10.);
#1233=VECTOR('',#3572,10.);
#1234=VECTOR('',#3573,10.);
#1235=VECTOR('',#3574,10.);
#1236=VECTOR('',#3577,10.);
#1237=VECTOR('',#3578,10.);
#1238=VECTOR('',#3579,10.);
#1239=VECTOR('',#3582,10.);
#1240=VECTOR('',#3583,10.);
#1241=VECTOR('',#3590,10.);
#1242=VECTOR('',#3591,10.);
#1243=VECTOR('',#3592,10.);
#1244=VECTOR('',#3593,10.);
#1245=VECTOR('',#3596,10.);
#1246=VECTOR('',#3597,10.);
#1247=VECTOR('',#3598,10.);
#1248=VECTOR('',#3601,10.);
#1249=VECTOR('',#3602,10.);
#1250=VECTOR('',#3603,10.);
#1251=VECTOR('',#3606,10.);
#1252=VECTOR('',#3607,10.);
#1253=VECTOR('',#3614,10.);
#1254=VECTOR('',#3615,10.);
#1255=VECTOR('',#3616,10.);
#1256=VECTOR('',#3617,10.);
#1257=VECTOR('',#3620,10.);
#1258=VECTOR('',#3621,10.);
#1259=VECTOR('',#3622,10.);
#1260=VECTOR('',#3625,10.);
#1261=VECTOR('',#3626,10.);
#1262=VECTOR('',#3627,10.);
#1263=VECTOR('',#3630,10.);
#1264=VECTOR('',#3631,10.);
#1265=VECTOR('',#3638,10.);
#1266=VECTOR('',#3639,10.);
#1267=VECTOR('',#3640,10.);
#1268=VECTOR('',#3641,10.);
#1269=VECTOR('',#3644,10.);
#1270=VECTOR('',#3645,10.);
#1271=VECTOR('',#3646,10.);
#1272=VECTOR('',#3649,10.);
#1273=VECTOR('',#3650,10.);
#1274=VECTOR('',#3651,10.);
#1275=VECTOR('',#3654,10.);
#1276=VECTOR('',#3655,10.);
#1277=CIRCLE('',#2779,1.);
#1278=CIRCLE('',#2780,1.);
#1279=CIRCLE('',#2782,1.);
#1280=CIRCLE('',#2783,1.);
#1281=CIRCLE('',#2785,0.999999999999999);
#1282=CIRCLE('',#2786,0.999999999999999);
#1283=CIRCLE('',#2788,1.);
#1284=CIRCLE('',#2789,1.);
#1285=VERTEX_POINT('',#3662);
#1286=VERTEX_POINT('',#3664);
#1287=VERTEX_POINT('',#3668);
#1288=VERTEX_POINT('',#3670);
#1289=VERTEX_POINT('',#3674);
#1290=VERTEX_POINT('',#3676);
#1291=VERTEX_POINT('',#3680);
#1292=VERTEX_POINT('',#3682);
#1293=VERTEX_POINT('',#3686);
#1294=VERTEX_POINT('',#3687);
#1295=VERTEX_POINT('',#3689);
#1296=VERTEX_POINT('',#3691);
#1297=VERTEX_POINT('',#3695);
#1298=VERTEX_POINT('',#3697);
#1299=VERTEX_POINT('',#3701);
#1300=VERTEX_POINT('',#3703);
#1301=VERTEX_POINT('',#3712);
#1302=VERTEX_POINT('',#3713);
#1303=VERTEX_POINT('',#3715);
#1304=VERTEX_POINT('',#3717);
#1305=VERTEX_POINT('',#3721);
#1306=VERTEX_POINT('',#3723);
#1307=VERTEX_POINT('',#3727);
#1308=VERTEX_POINT('',#3729);
#1309=VERTEX_POINT('',#3738);
#1310=VERTEX_POINT('',#3739);
#1311=VERTEX_POINT('',#3741);
#1312=VERTEX_POINT('',#3743);
#1313=VERTEX_POINT('',#3747);
#1314=VERTEX_POINT('',#3749);
#1315=VERTEX_POINT('',#3753);
#1316=VERTEX_POINT('',#3755);
#1317=VERTEX_POINT('',#3764);
#1318=VERTEX_POINT('',#3765);
#1319=VERTEX_POINT('',#3767);
#1320=VERTEX_POINT('',#3769);
#1321=VERTEX_POINT('',#3773);
#1322=VERTEX_POINT('',#3775);
#1323=VERTEX_POINT('',#3779);
#1324=VERTEX_POINT('',#3781);
#1325=VERTEX_POINT('',#3790);
#1326=VERTEX_POINT('',#3791);
#1327=VERTEX_POINT('',#3793);
#1328=VERTEX_POINT('',#3795);
#1329=VERTEX_POINT('',#3799);
#1330=VERTEX_POINT('',#3801);
#1331=VERTEX_POINT('',#3805);
#1332=VERTEX_POINT('',#3807);
#1333=VERTEX_POINT('',#3816);
#1334=VERTEX_POINT('',#3817);
#1335=VERTEX_POINT('',#3819);
#1336=VERTEX_POINT('',#3821);
#1337=VERTEX_POINT('',#3825);
#1338=VERTEX_POINT('',#3827);
#1339=VERTEX_POINT('',#3831);
#1340=VERTEX_POINT('',#3833);
#1341=VERTEX_POINT('',#3842);
#1342=VERTEX_POINT('',#3843);
#1343=VERTEX_POINT('',#3845);
#1344=VERTEX_POINT('',#3847);
#1345=VERTEX_POINT('',#3851);
#1346=VERTEX_POINT('',#3853);
#1347=VERTEX_POINT('',#3857);
#1348=VERTEX_POINT('',#3859);
#1349=VERTEX_POINT('',#3868);
#1350=VERTEX_POINT('',#3869);
#1351=VERTEX_POINT('',#3871);
#1352=VERTEX_POINT('',#3873);
#1353=VERTEX_POINT('',#3877);
#1354=VERTEX_POINT('',#3879);
#1355=VERTEX_POINT('',#3883);
#1356=VERTEX_POINT('',#3885);
#1357=VERTEX_POINT('',#3894);
#1358=VERTEX_POINT('',#3895);
#1359=VERTEX_POINT('',#3897);
#1360=VERTEX_POINT('',#3899);
#1361=VERTEX_POINT('',#3903);
#1362=VERTEX_POINT('',#3905);
#1363=VERTEX_POINT('',#3909);
#1364=VERTEX_POINT('',#3911);
#1365=VERTEX_POINT('',#3920);
#1366=VERTEX_POINT('',#3921);
#1367=VERTEX_POINT('',#3923);
#1368=VERTEX_POINT('',#3925);
#1369=VERTEX_POINT('',#3929);
#1370=VERTEX_POINT('',#3931);
#1371=VERTEX_POINT('',#3935);
#1372=VERTEX_POINT('',#3937);
#1373=VERTEX_POINT('',#3946);
#1374=VERTEX_POINT('',#3947);
#1375=VERTEX_POINT('',#3949);
#1376=VERTEX_POINT('',#3951);
#1377=VERTEX_POINT('',#3955);
#1378=VERTEX_POINT('',#3957);
#1379=VERTEX_POINT('',#3961);
#1380=VERTEX_POINT('',#3963);
#1381=VERTEX_POINT('',#3972);
#1382=VERTEX_POINT('',#3973);
#1383=VERTEX_POINT('',#3975);
#1384=VERTEX_POINT('',#3977);
#1385=VERTEX_POINT('',#3981);
#1386=VERTEX_POINT('',#3983);
#1387=VERTEX_POINT('',#3987);
#1388=VERTEX_POINT('',#3989);
#1389=VERTEX_POINT('',#3998);
#1390=VERTEX_POINT('',#3999);
#1391=VERTEX_POINT('',#4001);
#1392=VERTEX_POINT('',#4003);
#1393=VERTEX_POINT('',#4007);
#1394=VERTEX_POINT('',#4009);
#1395=VERTEX_POINT('',#4013);
#1396=VERTEX_POINT('',#4015);
#1397=VERTEX_POINT('',#4024);
#1398=VERTEX_POINT('',#4025);
#1399=VERTEX_POINT('',#4027);
#1400=VERTEX_POINT('',#4029);
#1401=VERTEX_POINT('',#4033);
#1402=VERTEX_POINT('',#4035);
#1403=VERTEX_POINT('',#4039);
#1404=VERTEX_POINT('',#4041);
#1405=VERTEX_POINT('',#4050);
#1406=VERTEX_POINT('',#4051);
#1407=VERTEX_POINT('',#4053);
#1408=VERTEX_POINT('',#4055);
#1409=VERTEX_POINT('',#4059);
#1410=VERTEX_POINT('',#4061);
#1411=VERTEX_POINT('',#4065);
#1412=VERTEX_POINT('',#4067);
#1413=VERTEX_POINT('',#4076);
#1414=VERTEX_POINT('',#4077);
#1415=VERTEX_POINT('',#4079);
#1416=VERTEX_POINT('',#4081);
#1417=VERTEX_POINT('',#4085);
#1418=VERTEX_POINT('',#4087);
#1419=VERTEX_POINT('',#4091);
#1420=VERTEX_POINT('',#4093);
#1421=VERTEX_POINT('',#4102);
#1422=VERTEX_POINT('',#4103);
#1423=VERTEX_POINT('',#4105);
#1424=VERTEX_POINT('',#4107);
#1425=VERTEX_POINT('',#4111);
#1426=VERTEX_POINT('',#4113);
#1427=VERTEX_POINT('',#4117);
#1428=VERTEX_POINT('',#4119);
#1429=VERTEX_POINT('',#4128);
#1430=VERTEX_POINT('',#4129);
#1431=VERTEX_POINT('',#4131);
#1432=VERTEX_POINT('',#4133);
#1433=VERTEX_POINT('',#4137);
#1434=VERTEX_POINT('',#4139);
#1435=VERTEX_POINT('',#4143);
#1436=VERTEX_POINT('',#4145);
#1437=VERTEX_POINT('',#4154);
#1438=VERTEX_POINT('',#4155);
#1439=VERTEX_POINT('',#4157);
#1440=VERTEX_POINT('',#4159);
#1441=VERTEX_POINT('',#4163);
#1442=VERTEX_POINT('',#4165);
#1443=VERTEX_POINT('',#4169);
#1444=VERTEX_POINT('',#4171);
#1445=VERTEX_POINT('',#4180);
#1446=VERTEX_POINT('',#4181);
#1447=VERTEX_POINT('',#4183);
#1448=VERTEX_POINT('',#4185);
#1449=VERTEX_POINT('',#4189);
#1450=VERTEX_POINT('',#4191);
#1451=VERTEX_POINT('',#4195);
#1452=VERTEX_POINT('',#4197);
#1453=VERTEX_POINT('',#4206);
#1454=VERTEX_POINT('',#4207);
#1455=VERTEX_POINT('',#4209);
#1456=VERTEX_POINT('',#4211);
#1457=VERTEX_POINT('',#4215);
#1458=VERTEX_POINT('',#4217);
#1459=VERTEX_POINT('',#4221);
#1460=VERTEX_POINT('',#4223);
#1461=VERTEX_POINT('',#4232);
#1462=VERTEX_POINT('',#4233);
#1463=VERTEX_POINT('',#4235);
#1464=VERTEX_POINT('',#4237);
#1465=VERTEX_POINT('',#4241);
#1466=VERTEX_POINT('',#4243);
#1467=VERTEX_POINT('',#4247);
#1468=VERTEX_POINT('',#4249);
#1469=VERTEX_POINT('',#4258);
#1470=VERTEX_POINT('',#4259);
#1471=VERTEX_POINT('',#4261);
#1472=VERTEX_POINT('',#4263);
#1473=VERTEX_POINT('',#4267);
#1474=VERTEX_POINT('',#4269);
#1475=VERTEX_POINT('',#4273);
#1476=VERTEX_POINT('',#4275);
#1477=VERTEX_POINT('',#4284);
#1478=VERTEX_POINT('',#4285);
#1479=VERTEX_POINT('',#4287);
#1480=VERTEX_POINT('',#4289);
#1481=VERTEX_POINT('',#4293);
#1482=VERTEX_POINT('',#4295);
#1483=VERTEX_POINT('',#4299);
#1484=VERTEX_POINT('',#4301);
#1485=VERTEX_POINT('',#4310);
#1486=VERTEX_POINT('',#4311);
#1487=VERTEX_POINT('',#4313);
#1488=VERTEX_POINT('',#4315);
#1489=VERTEX_POINT('',#4319);
#1490=VERTEX_POINT('',#4321);
#1491=VERTEX_POINT('',#4325);
#1492=VERTEX_POINT('',#4327);
#1493=VERTEX_POINT('',#4336);
#1494=VERTEX_POINT('',#4337);
#1495=VERTEX_POINT('',#4339);
#1496=VERTEX_POINT('',#4341);
#1497=VERTEX_POINT('',#4345);
#1498=VERTEX_POINT('',#4347);
#1499=VERTEX_POINT('',#4351);
#1500=VERTEX_POINT('',#4353);
#1501=VERTEX_POINT('',#4362);
#1502=VERTEX_POINT('',#4363);
#1503=VERTEX_POINT('',#4365);
#1504=VERTEX_POINT('',#4367);
#1505=VERTEX_POINT('',#4371);
#1506=VERTEX_POINT('',#4373);
#1507=VERTEX_POINT('',#4377);
#1508=VERTEX_POINT('',#4379);
#1509=VERTEX_POINT('',#4388);
#1510=VERTEX_POINT('',#4389);
#1511=VERTEX_POINT('',#4391);
#1512=VERTEX_POINT('',#4393);
#1513=VERTEX_POINT('',#4397);
#1514=VERTEX_POINT('',#4399);
#1515=VERTEX_POINT('',#4403);
#1516=VERTEX_POINT('',#4405);
#1517=EDGE_CURVE('',#1285,#1285,#1277,.T.);
#1518=EDGE_CURVE('',#1285,#1286,#597,.T.);
#1519=EDGE_CURVE('',#1286,#1286,#1278,.T.);
#1520=EDGE_CURVE('',#1287,#1287,#1279,.T.);
#1521=EDGE_CURVE('',#1287,#1288,#598,.T.);
#1522=EDGE_CURVE('',#1288,#1288,#1280,.T.);
#1523=EDGE_CURVE('',#1289,#1289,#1281,.T.);
#1524=EDGE_CURVE('',#1289,#1290,#599,.T.);
#1525=EDGE_CURVE('',#1290,#1290,#1282,.T.);
#1526=EDGE_CURVE('',#1291,#1291,#1283,.T.);
#1527=EDGE_CURVE('',#1291,#1292,#600,.T.);
#1528=EDGE_CURVE('',#1292,#1292,#1284,.T.);
#1529=EDGE_CURVE('',#1293,#1294,#601,.T.);
#1530=EDGE_CURVE('',#1294,#1295,#602,.T.);
#1531=EDGE_CURVE('',#1296,#1295,#603,.T.);
#1532=EDGE_CURVE('',#1293,#1296,#604,.T.);
#1533=EDGE_CURVE('',#1297,#1293,#605,.T.);
#1534=EDGE_CURVE('',#1298,#1296,#606,.T.);
#1535=EDGE_CURVE('',#1297,#1298,#607,.T.);
#1536=EDGE_CURVE('',#1299,#1297,#608,.T.);
#1537=EDGE_CURVE('',#1300,#1298,#609,.T.);
#1538=EDGE_CURVE('',#1299,#1300,#610,.T.);
#1539=EDGE_CURVE('',#1294,#1299,#611,.T.);
#1540=EDGE_CURVE('',#1295,#1300,#612,.T.);
#1541=EDGE_CURVE('',#1301,#1302,#613,.T.);
#1542=EDGE_CURVE('',#1301,#1303,#614,.T.);
#1543=EDGE_CURVE('',#1304,#1303,#615,.T.);
#1544=EDGE_CURVE('',#1302,#1304,#616,.T.);
#1545=EDGE_CURVE('',#1302,#1305,#617,.T.);
#1546=EDGE_CURVE('',#1306,#1304,#618,.T.);
#1547=EDGE_CURVE('',#1305,#1306,#619,.T.);
#1548=EDGE_CURVE('',#1305,#1307,#620,.T.);
#1549=EDGE_CURVE('',#1308,#1306,#621,.T.);
#1550=EDGE_CURVE('',#1307,#1308,#622,.T.);
#1551=EDGE_CURVE('',#1307,#1301,#623,.T.);
#1552=EDGE_CURVE('',#1303,#1308,#624,.T.);
#1553=EDGE_CURVE('',#1309,#1310,#625,.T.);
#1554=EDGE_CURVE('',#1309,#1311,#626,.T.);
#1555=EDGE_CURVE('',#1312,#1311,#627,.T.);
#1556=EDGE_CURVE('',#1310,#1312,#628,.T.);
#1557=EDGE_CURVE('',#1310,#1313,#629,.T.);
#1558=EDGE_CURVE('',#1314,#1312,#630,.T.);
#1559=EDGE_CURVE('',#1313,#1314,#631,.T.);
#1560=EDGE_CURVE('',#1313,#1315,#632,.T.);
#1561=EDGE_CURVE('',#1316,#1314,#633,.T.);
#1562=EDGE_CURVE('',#1315,#1316,#634,.T.);
#1563=EDGE_CURVE('',#1315,#1309,#635,.T.);
#1564=EDGE_CURVE('',#1311,#1316,#636,.T.);
#1565=EDGE_CURVE('',#1317,#1318,#637,.T.);
#1566=EDGE_CURVE('',#1318,#1319,#638,.T.);
#1567=EDGE_CURVE('',#1320,#1319,#639,.T.);
#1568=EDGE_CURVE('',#1317,#1320,#640,.T.);
#1569=EDGE_CURVE('',#1321,#1317,#641,.T.);
#1570=EDGE_CURVE('',#1322,#1320,#642,.T.);
#1571=EDGE_CURVE('',#1321,#1322,#643,.T.);
#1572=EDGE_CURVE('',#1323,#1321,#644,.T.);
#1573=EDGE_CURVE('',#1324,#1322,#645,.T.);
#1574=EDGE_CURVE('',#1323,#1324,#646,.T.);
#1575=EDGE_CURVE('',#1318,#1323,#647,.T.);
#1576=EDGE_CURVE('',#1319,#1324,#648,.T.);
#1577=EDGE_CURVE('',#1325,#1326,#649,.T.);
#1578=EDGE_CURVE('',#1326,#1327,#650,.T.);
#1579=EDGE_CURVE('',#1328,#1327,#651,.T.);
#1580=EDGE_CURVE('',#1325,#1328,#652,.T.);
#1581=EDGE_CURVE('',#1329,#1325,#653,.T.);
#1582=EDGE_CURVE('',#1330,#1328,#654,.T.);
#1583=EDGE_CURVE('',#1329,#1330,#655,.T.);
#1584=EDGE_CURVE('',#1331,#1329,#656,.T.);
#1585=EDGE_CURVE('',#1332,#1330,#657,.T.);
#1586=EDGE_CURVE('',#1331,#1332,#658,.T.);
#1587=EDGE_CURVE('',#1326,#1331,#659,.T.);
#1588=EDGE_CURVE('',#1327,#1332,#660,.T.);
#1589=EDGE_CURVE('',#1333,#1334,#661,.T.);
#1590=EDGE_CURVE('',#1334,#1335,#662,.T.);
#1591=EDGE_CURVE('',#1336,#1335,#663,.T.);
#1592=EDGE_CURVE('',#1333,#1336,#664,.T.);
#1593=EDGE_CURVE('',#1337,#1333,#665,.T.);
#1594=EDGE_CURVE('',#1338,#1336,#666,.T.);
#1595=EDGE_CURVE('',#1337,#1338,#667,.T.);
#1596=EDGE_CURVE('',#1339,#1337,#668,.T.);
#1597=EDGE_CURVE('',#1340,#1338,#669,.T.);
#1598=EDGE_CURVE('',#1339,#1340,#670,.T.);
#1599=EDGE_CURVE('',#1334,#1339,#671,.T.);
#1600=EDGE_CURVE('',#1335,#1340,#672,.T.);
#1601=EDGE_CURVE('',#1341,#1342,#673,.T.);
#1602=EDGE_CURVE('',#1341,#1343,#674,.T.);
#1603=EDGE_CURVE('',#1344,#1343,#675,.T.);
#1604=EDGE_CURVE('',#1342,#1344,#676,.T.);
#1605=EDGE_CURVE('',#1342,#1345,#677,.T.);
#1606=EDGE_CURVE('',#1346,#1344,#678,.T.);
#1607=EDGE_CURVE('',#1345,#1346,#679,.T.);
#1608=EDGE_CURVE('',#1345,#1347,#680,.T.);
#1609=EDGE_CURVE('',#1348,#1346,#681,.T.);
#1610=EDGE_CURVE('',#1347,#1348,#682,.T.);
#1611=EDGE_CURVE('',#1347,#1341,#683,.T.);
#1612=EDGE_CURVE('',#1343,#1348,#684,.T.);
#1613=EDGE_CURVE('',#1349,#1350,#685,.T.);
#1614=EDGE_CURVE('',#1349,#1351,#686,.T.);
#1615=EDGE_CURVE('',#1352,#1351,#687,.T.);
#1616=EDGE_CURVE('',#1350,#1352,#688,.T.);
#1617=EDGE_CURVE('',#1350,#1353,#689,.T.);
#1618=EDGE_CURVE('',#1354,#1352,#690,.T.);
#1619=EDGE_CURVE('',#1353,#1354,#691,.T.);
#1620=EDGE_CURVE('',#1353,#1355,#692,.T.);
#1621=EDGE_CURVE('',#1356,#1354,#693,.T.);
#1622=EDGE_CURVE('',#1355,#1356,#694,.T.);
#1623=EDGE_CURVE('',#1355,#1349,#695,.T.);
#1624=EDGE_CURVE('',#1351,#1356,#696,.T.);
#1625=EDGE_CURVE('',#1357,#1358,#697,.T.);
#1626=EDGE_CURVE('',#1357,#1359,#698,.T.);
#1627=EDGE_CURVE('',#1360,#1359,#699,.T.);
#1628=EDGE_CURVE('',#1358,#1360,#700,.T.);
#1629=EDGE_CURVE('',#1358,#1361,#701,.T.);
#1630=EDGE_CURVE('',#1362,#1360,#702,.T.);
#1631=EDGE_CURVE('',#1361,#1362,#703,.T.);
#1632=EDGE_CURVE('',#1361,#1363,#704,.T.);
#1633=EDGE_CURVE('',#1364,#1362,#705,.T.);
#1634=EDGE_CURVE('',#1363,#1364,#706,.T.);
#1635=EDGE_CURVE('',#1363,#1357,#707,.T.);
#1636=EDGE_CURVE('',#1359,#1364,#708,.T.);
#1637=EDGE_CURVE('',#1365,#1366,#709,.T.);
#1638=EDGE_CURVE('',#1365,#1367,#710,.T.);
#1639=EDGE_CURVE('',#1368,#1367,#711,.T.);
#1640=EDGE_CURVE('',#1366,#1368,#712,.T.);
#1641=EDGE_CURVE('',#1366,#1369,#713,.T.);
#1642=EDGE_CURVE('',#1370,#1368,#714,.T.);
#1643=EDGE_CURVE('',#1369,#1370,#715,.T.);
#1644=EDGE_CURVE('',#1369,#1371,#716,.T.);
#1645=EDGE_CURVE('',#1372,#1370,#717,.T.);
#1646=EDGE_CURVE('',#1371,#1372,#718,.T.);
#1647=EDGE_CURVE('',#1371,#1365,#719,.T.);
#1648=EDGE_CURVE('',#1367,#1372,#720,.T.);
#1649=EDGE_CURVE('',#1373,#1374,#721,.T.);
#1650=EDGE_CURVE('',#1374,#1375,#722,.T.);
#1651=EDGE_CURVE('',#1376,#1375,#723,.T.);
#1652=EDGE_CURVE('',#1373,#1376,#724,.T.);
#1653=EDGE_CURVE('',#1377,#1373,#725,.T.);
#1654=EDGE_CURVE('',#1378,#1376,#726,.T.);
#1655=EDGE_CURVE('',#1377,#1378,#727,.T.);
#1656=EDGE_CURVE('',#1379,#1377,#728,.T.);
#1657=EDGE_CURVE('',#1380,#1378,#729,.T.);
#1658=EDGE_CURVE('',#1379,#1380,#730,.T.);
#1659=EDGE_CURVE('',#1374,#1379,#731,.T.);
#1660=EDGE_CURVE('',#1375,#1380,#732,.T.);
#1661=EDGE_CURVE('',#1381,#1382,#733,.T.);
#1662=EDGE_CURVE('',#1382,#1383,#734,.T.);
#1663=EDGE_CURVE('',#1384,#1383,#735,.T.);
#1664=EDGE_CURVE('',#1381,#1384,#736,.T.);
#1665=EDGE_CURVE('',#1385,#1381,#737,.T.);
#1666=EDGE_CURVE('',#1386,#1384,#738,.T.);
#1667=EDGE_CURVE('',#1385,#1386,#739,.T.);
#1668=EDGE_CURVE('',#1387,#1385,#740,.T.);
#1669=EDGE_CURVE('',#1388,#1386,#741,.T.);
#1670=EDGE_CURVE('',#1387,#1388,#742,.T.);
#1671=EDGE_CURVE('',#1382,#1387,#743,.T.);
#1672=EDGE_CURVE('',#1383,#1388,#744,.T.);
#1673=EDGE_CURVE('',#1389,#1390,#745,.T.);
#1674=EDGE_CURVE('',#1390,#1391,#746,.T.);
#1675=EDGE_CURVE('',#1392,#1391,#747,.T.);
#1676=EDGE_CURVE('',#1389,#1392,#748,.T.);
#1677=EDGE_CURVE('',#1393,#1389,#749,.T.);
#1678=EDGE_CURVE('',#1394,#1392,#750,.T.);
#1679=EDGE_CURVE('',#1393,#1394,#751,.T.);
#1680=EDGE_CURVE('',#1395,#1393,#752,.T.);
#1681=EDGE_CURVE('',#1396,#1394,#753,.T.);
#1682=EDGE_CURVE('',#1395,#1396,#754,.T.);
#1683=EDGE_CURVE('',#1390,#1395,#755,.T.);
#1684=EDGE_CURVE('',#1391,#1396,#756,.T.);
#1685=EDGE_CURVE('',#1397,#1398,#757,.T.);
#1686=EDGE_CURVE('',#1397,#1399,#758,.T.);
#1687=EDGE_CURVE('',#1400,#1399,#759,.T.);
#1688=EDGE_CURVE('',#1398,#1400,#760,.T.);
#1689=EDGE_CURVE('',#1398,#1401,#761,.T.);
#1690=EDGE_CURVE('',#1402,#1400,#762,.T.);
#1691=EDGE_CURVE('',#1401,#1402,#763,.T.);
#1692=EDGE_CURVE('',#1401,#1403,#764,.T.);
#1693=EDGE_CURVE('',#1404,#1402,#765,.T.);
#1694=EDGE_CURVE('',#1403,#1404,#766,.T.);
#1695=EDGE_CURVE('',#1403,#1397,#767,.T.);
#1696=EDGE_CURVE('',#1399,#1404,#768,.T.);
#1697=EDGE_CURVE('',#1405,#1406,#769,.T.);
#1698=EDGE_CURVE('',#1405,#1407,#770,.T.);
#1699=EDGE_CURVE('',#1408,#1407,#771,.T.);
#1700=EDGE_CURVE('',#1406,#1408,#772,.T.);
#1701=EDGE_CURVE('',#1406,#1409,#773,.T.);
#1702=EDGE_CURVE('',#1410,#1408,#774,.T.);
#1703=EDGE_CURVE('',#1409,#1410,#775,.T.);
#1704=EDGE_CURVE('',#1409,#1411,#776,.T.);
#1705=EDGE_CURVE('',#1412,#1410,#777,.T.);
#1706=EDGE_CURVE('',#1411,#1412,#778,.T.);
#1707=EDGE_CURVE('',#1411,#1405,#779,.T.);
#1708=EDGE_CURVE('',#1407,#1412,#780,.T.);
#1709=EDGE_CURVE('',#1413,#1414,#781,.T.);
#1710=EDGE_CURVE('',#1414,#1415,#782,.T.);
#1711=EDGE_CURVE('',#1416,#1415,#783,.T.);
#1712=EDGE_CURVE('',#1413,#1416,#784,.T.);
#1713=EDGE_CURVE('',#1417,#1413,#785,.T.);
#1714=EDGE_CURVE('',#1418,#1416,#786,.T.);
#1715=EDGE_CURVE('',#1417,#1418,#787,.T.);
#1716=EDGE_CURVE('',#1419,#1417,#788,.T.);
#1717=EDGE_CURVE('',#1420,#1418,#789,.T.);
#1718=EDGE_CURVE('',#1419,#1420,#790,.T.);
#1719=EDGE_CURVE('',#1414,#1419,#791,.T.);
#1720=EDGE_CURVE('',#1415,#1420,#792,.T.);
#1721=EDGE_CURVE('',#1421,#1422,#793,.T.);
#1722=EDGE_CURVE('',#1422,#1423,#794,.T.);
#1723=EDGE_CURVE('',#1424,#1423,#795,.T.);
#1724=EDGE_CURVE('',#1421,#1424,#796,.T.);
#1725=EDGE_CURVE('',#1425,#1421,#797,.T.);
#1726=EDGE_CURVE('',#1426,#1424,#798,.T.);
#1727=EDGE_CURVE('',#1425,#1426,#799,.T.);
#1728=EDGE_CURVE('',#1427,#1425,#800,.T.);
#1729=EDGE_CURVE('',#1428,#1426,#801,.T.);
#1730=EDGE_CURVE('',#1427,#1428,#802,.T.);
#1731=EDGE_CURVE('',#1422,#1427,#803,.T.);
#1732=EDGE_CURVE('',#1423,#1428,#804,.T.);
#1733=EDGE_CURVE('',#1429,#1430,#805,.T.);
#1734=EDGE_CURVE('',#1429,#1431,#806,.T.);
#1735=EDGE_CURVE('',#1432,#1431,#807,.T.);
#1736=EDGE_CURVE('',#1430,#1432,#808,.T.);
#1737=EDGE_CURVE('',#1430,#1433,#809,.T.);
#1738=EDGE_CURVE('',#1434,#1432,#810,.T.);
#1739=EDGE_CURVE('',#1433,#1434,#811,.T.);
#1740=EDGE_CURVE('',#1433,#1435,#812,.T.);
#1741=EDGE_CURVE('',#1436,#1434,#813,.T.);
#1742=EDGE_CURVE('',#1435,#1436,#814,.T.);
#1743=EDGE_CURVE('',#1435,#1429,#815,.T.);
#1744=EDGE_CURVE('',#1431,#1436,#816,.T.);
#1745=EDGE_CURVE('',#1437,#1438,#817,.T.);
#1746=EDGE_CURVE('',#1437,#1439,#818,.T.);
#1747=EDGE_CURVE('',#1440,#1439,#819,.T.);
#1748=EDGE_CURVE('',#1438,#1440,#820,.T.);
#1749=EDGE_CURVE('',#1438,#1441,#821,.T.);
#1750=EDGE_CURVE('',#1442,#1440,#822,.T.);
#1751=EDGE_CURVE('',#1441,#1442,#823,.T.);
#1752=EDGE_CURVE('',#1441,#1443,#824,.T.);
#1753=EDGE_CURVE('',#1444,#1442,#825,.T.);
#1754=EDGE_CURVE('',#1443,#1444,#826,.T.);
#1755=EDGE_CURVE('',#1443,#1437,#827,.T.);
#1756=EDGE_CURVE('',#1439,#1444,#828,.T.);
#1757=EDGE_CURVE('',#1445,#1446,#829,.T.);
#1758=EDGE_CURVE('',#1445,#1447,#830,.T.);
#1759=EDGE_CURVE('',#1448,#1447,#831,.T.);
#1760=EDGE_CURVE('',#1446,#1448,#832,.T.);
#1761=EDGE_CURVE('',#1446,#1449,#833,.T.);
#1762=EDGE_CURVE('',#1450,#1448,#834,.T.);
#1763=EDGE_CURVE('',#1449,#1450,#835,.T.);
#1764=EDGE_CURVE('',#1449,#1451,#836,.T.);
#1765=EDGE_CURVE('',#1452,#1450,#837,.T.);
#1766=EDGE_CURVE('',#1451,#1452,#838,.T.);
#1767=EDGE_CURVE('',#1451,#1445,#839,.T.);
#1768=EDGE_CURVE('',#1447,#1452,#840,.T.);
#1769=EDGE_CURVE('',#1453,#1454,#841,.T.);
#1770=EDGE_CURVE('',#1454,#1455,#842,.T.);
#1771=EDGE_CURVE('',#1456,#1455,#843,.T.);
#1772=EDGE_CURVE('',#1453,#1456,#844,.T.);
#1773=EDGE_CURVE('',#1457,#1453,#845,.T.);
#1774=EDGE_CURVE('',#1458,#1456,#846,.T.);
#1775=EDGE_CURVE('',#1457,#1458,#847,.T.);
#1776=EDGE_CURVE('',#1459,#1457,#848,.T.);
#1777=EDGE_CURVE('',#1460,#1458,#849,.T.);
#1778=EDGE_CURVE('',#1459,#1460,#850,.T.);
#1779=EDGE_CURVE('',#1454,#1459,#851,.T.);
#1780=EDGE_CURVE('',#1455,#1460,#852,.T.);
#1781=EDGE_CURVE('',#1461,#1462,#853,.T.);
#1782=EDGE_CURVE('',#1462,#1463,#854,.T.);
#1783=EDGE_CURVE('',#1464,#1463,#855,.T.);
#1784=EDGE_CURVE('',#1461,#1464,#856,.T.);
#1785=EDGE_CURVE('',#1465,#1461,#857,.T.);
#1786=EDGE_CURVE('',#1466,#1464,#858,.T.);
#1787=EDGE_CURVE('',#1465,#1466,#859,.T.);
#1788=EDGE_CURVE('',#1467,#1465,#860,.T.);
#1789=EDGE_CURVE('',#1468,#1466,#861,.T.);
#1790=EDGE_CURVE('',#1467,#1468,#862,.T.);
#1791=EDGE_CURVE('',#1462,#1467,#863,.T.);
#1792=EDGE_CURVE('',#1463,#1468,#864,.T.);
#1793=EDGE_CURVE('',#1469,#1470,#865,.T.);
#1794=EDGE_CURVE('',#1470,#1471,#866,.T.);
#1795=EDGE_CURVE('',#1472,#1471,#867,.T.);
#1796=EDGE_CURVE('',#1469,#1472,#868,.T.);
#1797=EDGE_CURVE('',#1473,#1469,#869,.T.);
#1798=EDGE_CURVE('',#1474,#1472,#870,.T.);
#1799=EDGE_CURVE('',#1473,#1474,#871,.T.);
#1800=EDGE_CURVE('',#1475,#1473,#872,.T.);
#1801=EDGE_CURVE('',#1476,#1474,#873,.T.);
#1802=EDGE_CURVE('',#1475,#1476,#874,.T.);
#1803=EDGE_CURVE('',#1470,#1475,#875,.T.);
#1804=EDGE_CURVE('',#1471,#1476,#876,.T.);
#1805=EDGE_CURVE('',#1477,#1478,#877,.T.);
#1806=EDGE_CURVE('',#1477,#1479,#878,.T.);
#1807=EDGE_CURVE('',#1480,#1479,#879,.T.);
#1808=EDGE_CURVE('',#1478,#1480,#880,.T.);
#1809=EDGE_CURVE('',#1478,#1481,#881,.T.);
#1810=EDGE_CURVE('',#1482,#1480,#882,.T.);
#1811=EDGE_CURVE('',#1481,#1482,#883,.T.);
#1812=EDGE_CURVE('',#1481,#1483,#884,.T.);
#1813=EDGE_CURVE('',#1484,#1482,#885,.T.);
#1814=EDGE_CURVE('',#1483,#1484,#886,.T.);
#1815=EDGE_CURVE('',#1483,#1477,#887,.T.);
#1816=EDGE_CURVE('',#1479,#1484,#888,.T.);
#1817=EDGE_CURVE('',#1485,#1486,#889,.T.);
#1818=EDGE_CURVE('',#1485,#1487,#890,.T.);
#1819=EDGE_CURVE('',#1488,#1487,#891,.T.);
#1820=EDGE_CURVE('',#1486,#1488,#892,.T.);
#1821=EDGE_CURVE('',#1486,#1489,#893,.T.);
#1822=EDGE_CURVE('',#1490,#1488,#894,.T.);
#1823=EDGE_CURVE('',#1489,#1490,#895,.T.);
#1824=EDGE_CURVE('',#1489,#1491,#896,.T.);
#1825=EDGE_CURVE('',#1492,#1490,#897,.T.);
#1826=EDGE_CURVE('',#1491,#1492,#898,.T.);
#1827=EDGE_CURVE('',#1491,#1485,#899,.T.);
#1828=EDGE_CURVE('',#1487,#1492,#900,.T.);
#1829=EDGE_CURVE('',#1493,#1494,#901,.T.);
#1830=EDGE_CURVE('',#1493,#1495,#902,.T.);
#1831=EDGE_CURVE('',#1496,#1495,#903,.T.);
#1832=EDGE_CURVE('',#1494,#1496,#904,.T.);
#1833=EDGE_CURVE('',#1494,#1497,#905,.T.);
#1834=EDGE_CURVE('',#1498,#1496,#906,.T.);
#1835=EDGE_CURVE('',#1497,#1498,#907,.T.);
#1836=EDGE_CURVE('',#1497,#1499,#908,.T.);
#1837=EDGE_CURVE('',#1500,#1498,#909,.T.);
#1838=EDGE_CURVE('',#1499,#1500,#910,.T.);
#1839=EDGE_CURVE('',#1499,#1493,#911,.T.);
#1840=EDGE_CURVE('',#1495,#1500,#912,.T.);
#1841=EDGE_CURVE('',#1501,#1502,#913,.T.);
#1842=EDGE_CURVE('',#1502,#1503,#914,.T.);
#1843=EDGE_CURVE('',#1504,#1503,#915,.T.);
#1844=EDGE_CURVE('',#1501,#1504,#916,.T.);
#1845=EDGE_CURVE('',#1505,#1501,#917,.T.);
#1846=EDGE_CURVE('',#1506,#1504,#918,.T.);
#1847=EDGE_CURVE('',#1505,#1506,#919,.T.);
#1848=EDGE_CURVE('',#1507,#1505,#920,.T.);
#1849=EDGE_CURVE('',#1508,#1506,#921,.T.);
#1850=EDGE_CURVE('',#1507,#1508,#922,.T.);
#1851=EDGE_CURVE('',#1502,#1507,#923,.T.);
#1852=EDGE_CURVE('',#1503,#1508,#924,.T.);
#1853=EDGE_CURVE('',#1509,#1510,#925,.T.);
#1854=EDGE_CURVE('',#1510,#1511,#926,.T.);
#1855=EDGE_CURVE('',#1512,#1511,#927,.T.);
#1856=EDGE_CURVE('',#1509,#1512,#928,.T.);
#1857=EDGE_CURVE('',#1513,#1509,#929,.T.);
#1858=EDGE_CURVE('',#1514,#1512,#930,.T.);
#1859=EDGE_CURVE('',#1513,#1514,#931,.T.);
#1860=EDGE_CURVE('',#1515,#1513,#932,.T.);
#1861=EDGE_CURVE('',#1516,#1514,#933,.T.);
#1862=EDGE_CURVE('',#1515,#1516,#934,.T.);
#1863=EDGE_CURVE('',#1510,#1515,#935,.T.);
#1864=EDGE_CURVE('',#1511,#1516,#936,.T.);
#1865=ORIENTED_EDGE('',*,*,#1517,.F.);
#1866=ORIENTED_EDGE('',*,*,#1518,.T.);
#1867=ORIENTED_EDGE('',*,*,#1519,.T.);
#1868=ORIENTED_EDGE('',*,*,#1518,.F.);
#1869=ORIENTED_EDGE('',*,*,#1520,.F.);
#1870=ORIENTED_EDGE('',*,*,#1521,.T.);
#1871=ORIENTED_EDGE('',*,*,#1522,.T.);
#1872=ORIENTED_EDGE('',*,*,#1521,.F.);
#1873=ORIENTED_EDGE('',*,*,#1523,.F.);
#1874=ORIENTED_EDGE('',*,*,#1524,.T.);
#1875=ORIENTED_EDGE('',*,*,#1525,.T.);
#1876=ORIENTED_EDGE('',*,*,#1524,.F.);
#1877=ORIENTED_EDGE('',*,*,#1526,.F.);
#1878=ORIENTED_EDGE('',*,*,#1527,.T.);
#1879=ORIENTED_EDGE('',*,*,#1528,.T.);
#1880=ORIENTED_EDGE('',*,*,#1527,.F.);
#1881=ORIENTED_EDGE('',*,*,#1529,.T.);
#1882=ORIENTED_EDGE('',*,*,#1530,.T.);
#1883=ORIENTED_EDGE('',*,*,#1531,.F.);
#1884=ORIENTED_EDGE('',*,*,#1532,.F.);
#1885=ORIENTED_EDGE('',*,*,#1533,.T.);
#1886=ORIENTED_EDGE('',*,*,#1532,.T.);
#1887=ORIENTED_EDGE('',*,*,#1534,.F.);
#1888=ORIENTED_EDGE('',*,*,#1535,.F.);
#1889=ORIENTED_EDGE('',*,*,#1536,.T.);
#1890=ORIENTED_EDGE('',*,*,#1535,.T.);
#1891=ORIENTED_EDGE('',*,*,#1537,.F.);
#1892=ORIENTED_EDGE('',*,*,#1538,.F.);
#1893=ORIENTED_EDGE('',*,*,#1539,.T.);
#1894=ORIENTED_EDGE('',*,*,#1538,.T.);
#1895=ORIENTED_EDGE('',*,*,#1540,.F.);
#1896=ORIENTED_EDGE('',*,*,#1530,.F.);
#1897=ORIENTED_EDGE('',*,*,#1540,.T.);
#1898=ORIENTED_EDGE('',*,*,#1537,.T.);
#1899=ORIENTED_EDGE('',*,*,#1534,.T.);
#1900=ORIENTED_EDGE('',*,*,#1531,.T.);
#1901=ORIENTED_EDGE('',*,*,#1526,.T.);
#1902=ORIENTED_EDGE('',*,*,#1523,.T.);
#1903=ORIENTED_EDGE('',*,*,#1520,.T.);
#1904=ORIENTED_EDGE('',*,*,#1517,.T.);
#1905=ORIENTED_EDGE('',*,*,#1539,.F.);
#1906=ORIENTED_EDGE('',*,*,#1529,.F.);
#1907=ORIENTED_EDGE('',*,*,#1533,.F.);
#1908=ORIENTED_EDGE('',*,*,#1536,.F.);
#1909=ORIENTED_EDGE('',*,*,#1528,.F.);
#1910=ORIENTED_EDGE('',*,*,#1525,.F.);
#1911=ORIENTED_EDGE('',*,*,#1522,.F.);
#1912=ORIENTED_EDGE('',*,*,#1519,.F.);
#1913=ORIENTED_EDGE('',*,*,#1541,.F.);
#1914=ORIENTED_EDGE('',*,*,#1542,.T.);
#1915=ORIENTED_EDGE('',*,*,#1543,.F.);
#1916=ORIENTED_EDGE('',*,*,#1544,.F.);
#1917=ORIENTED_EDGE('',*,*,#1545,.F.);
#1918=ORIENTED_EDGE('',*,*,#1544,.T.);
#1919=ORIENTED_EDGE('',*,*,#1546,.F.);
#1920=ORIENTED_EDGE('',*,*,#1547,.F.);
#1921=ORIENTED_EDGE('',*,*,#1548,.F.);
#1922=ORIENTED_EDGE('',*,*,#1547,.T.);
#1923=ORIENTED_EDGE('',*,*,#1549,.F.);
#1924=ORIENTED_EDGE('',*,*,#1550,.F.);
#1925=ORIENTED_EDGE('',*,*,#1551,.F.);
#1926=ORIENTED_EDGE('',*,*,#1550,.T.);
#1927=ORIENTED_EDGE('',*,*,#1552,.F.);
#1928=ORIENTED_EDGE('',*,*,#1542,.F.);
#1929=ORIENTED_EDGE('',*,*,#1552,.T.);
#1930=ORIENTED_EDGE('',*,*,#1549,.T.);
#1931=ORIENTED_EDGE('',*,*,#1546,.T.);
#1932=ORIENTED_EDGE('',*,*,#1543,.T.);
#1933=ORIENTED_EDGE('',*,*,#1551,.T.);
#1934=ORIENTED_EDGE('',*,*,#1541,.T.);
#1935=ORIENTED_EDGE('',*,*,#1545,.T.);
#1936=ORIENTED_EDGE('',*,*,#1548,.T.);
#1937=ORIENTED_EDGE('',*,*,#1553,.F.);
#1938=ORIENTED_EDGE('',*,*,#1554,.T.);
#1939=ORIENTED_EDGE('',*,*,#1555,.F.);
#1940=ORIENTED_EDGE('',*,*,#1556,.F.);
#1941=ORIENTED_EDGE('',*,*,#1557,.F.);
#1942=ORIENTED_EDGE('',*,*,#1556,.T.);
#1943=ORIENTED_EDGE('',*,*,#1558,.F.);
#1944=ORIENTED_EDGE('',*,*,#1559,.F.);
#1945=ORIENTED_EDGE('',*,*,#1560,.F.);
#1946=ORIENTED_EDGE('',*,*,#1559,.T.);
#1947=ORIENTED_EDGE('',*,*,#1561,.F.);
#1948=ORIENTED_EDGE('',*,*,#1562,.F.);
#1949=ORIENTED_EDGE('',*,*,#1563,.F.);
#1950=ORIENTED_EDGE('',*,*,#1562,.T.);
#1951=ORIENTED_EDGE('',*,*,#1564,.F.);
#1952=ORIENTED_EDGE('',*,*,#1554,.F.);
#1953=ORIENTED_EDGE('',*,*,#1564,.T.);
#1954=ORIENTED_EDGE('',*,*,#1561,.T.);
#1955=ORIENTED_EDGE('',*,*,#1558,.T.);
#1956=ORIENTED_EDGE('',*,*,#1555,.T.);
#1957=ORIENTED_EDGE('',*,*,#1563,.T.);
#1958=ORIENTED_EDGE('',*,*,#1553,.T.);
#1959=ORIENTED_EDGE('',*,*,#1557,.T.);
#1960=ORIENTED_EDGE('',*,*,#1560,.T.);
#1961=ORIENTED_EDGE('',*,*,#1565,.T.);
#1962=ORIENTED_EDGE('',*,*,#1566,.T.);
#1963=ORIENTED_EDGE('',*,*,#1567,.F.);
#1964=ORIENTED_EDGE('',*,*,#1568,.F.);
#1965=ORIENTED_EDGE('',*,*,#1569,.T.);
#1966=ORIENTED_EDGE('',*,*,#1568,.T.);
#1967=ORIENTED_EDGE('',*,*,#1570,.F.);
#1968=ORIENTED_EDGE('',*,*,#1571,.F.);
#1969=ORIENTED_EDGE('',*,*,#1572,.T.);
#1970=ORIENTED_EDGE('',*,*,#1571,.T.);
#1971=ORIENTED_EDGE('',*,*,#1573,.F.);
#1972=ORIENTED_EDGE('',*,*,#1574,.F.);
#1973=ORIENTED_EDGE('',*,*,#1575,.T.);
#1974=ORIENTED_EDGE('',*,*,#1574,.T.);
#1975=ORIENTED_EDGE('',*,*,#1576,.F.);
#1976=ORIENTED_EDGE('',*,*,#1566,.F.);
#1977=ORIENTED_EDGE('',*,*,#1576,.T.);
#1978=ORIENTED_EDGE('',*,*,#1573,.T.);
#1979=ORIENTED_EDGE('',*,*,#1570,.T.);
#1980=ORIENTED_EDGE('',*,*,#1567,.T.);
#1981=ORIENTED_EDGE('',*,*,#1575,.F.);
#1982=ORIENTED_EDGE('',*,*,#1565,.F.);
#1983=ORIENTED_EDGE('',*,*,#1569,.F.);
#1984=ORIENTED_EDGE('',*,*,#1572,.F.);
#1985=ORIENTED_EDGE('',*,*,#1577,.T.);
#1986=ORIENTED_EDGE('',*,*,#1578,.T.);
#1987=ORIENTED_EDGE('',*,*,#1579,.F.);
#1988=ORIENTED_EDGE('',*,*,#1580,.F.);
#1989=ORIENTED_EDGE('',*,*,#1581,.T.);
#1990=ORIENTED_EDGE('',*,*,#1580,.T.);
#1991=ORIENTED_EDGE('',*,*,#1582,.F.);
#1992=ORIENTED_EDGE('',*,*,#1583,.F.);
#1993=ORIENTED_EDGE('',*,*,#1584,.T.);
#1994=ORIENTED_EDGE('',*,*,#1583,.T.);
#1995=ORIENTED_EDGE('',*,*,#1585,.F.);
#1996=ORIENTED_EDGE('',*,*,#1586,.F.);
#1997=ORIENTED_EDGE('',*,*,#1587,.T.);
#1998=ORIENTED_EDGE('',*,*,#1586,.T.);
#1999=ORIENTED_EDGE('',*,*,#1588,.F.);
#2000=ORIENTED_EDGE('',*,*,#1578,.F.);
#2001=ORIENTED_EDGE('',*,*,#1588,.T.);
#2002=ORIENTED_EDGE('',*,*,#1585,.T.);
#2003=ORIENTED_EDGE('',*,*,#1582,.T.);
#2004=ORIENTED_EDGE('',*,*,#1579,.T.);
#2005=ORIENTED_EDGE('',*,*,#1587,.F.);
#2006=ORIENTED_EDGE('',*,*,#1577,.F.);
#2007=ORIENTED_EDGE('',*,*,#1581,.F.);
#2008=ORIENTED_EDGE('',*,*,#1584,.F.);
#2009=ORIENTED_EDGE('',*,*,#1589,.T.);
#2010=ORIENTED_EDGE('',*,*,#1590,.T.);
#2011=ORIENTED_EDGE('',*,*,#1591,.F.);
#2012=ORIENTED_EDGE('',*,*,#1592,.F.);
#2013=ORIENTED_EDGE('',*,*,#1593,.T.);
#2014=ORIENTED_EDGE('',*,*,#1592,.T.);
#2015=ORIENTED_EDGE('',*,*,#1594,.F.);
#2016=ORIENTED_EDGE('',*,*,#1595,.F.);
#2017=ORIENTED_EDGE('',*,*,#1596,.T.);
#2018=ORIENTED_EDGE('',*,*,#1595,.T.);
#2019=ORIENTED_EDGE('',*,*,#1597,.F.);
#2020=ORIENTED_EDGE('',*,*,#1598,.F.);
#2021=ORIENTED_EDGE('',*,*,#1599,.T.);
#2022=ORIENTED_EDGE('',*,*,#1598,.T.);
#2023=ORIENTED_EDGE('',*,*,#1600,.F.);
#2024=ORIENTED_EDGE('',*,*,#1590,.F.);
#2025=ORIENTED_EDGE('',*,*,#1600,.T.);
#2026=ORIENTED_EDGE('',*,*,#1597,.T.);
#2027=ORIENTED_EDGE('',*,*,#1594,.T.);
#2028=ORIENTED_EDGE('',*,*,#1591,.T.);
#2029=ORIENTED_EDGE('',*,*,#1599,.F.);
#2030=ORIENTED_EDGE('',*,*,#1589,.F.);
#2031=ORIENTED_EDGE('',*,*,#1593,.F.);
#2032=ORIENTED_EDGE('',*,*,#1596,.F.);
#2033=ORIENTED_EDGE('',*,*,#1601,.F.);
#2034=ORIENTED_EDGE('',*,*,#1602,.T.);
#2035=ORIENTED_EDGE('',*,*,#1603,.F.);
#2036=ORIENTED_EDGE('',*,*,#1604,.F.);
#2037=ORIENTED_EDGE('',*,*,#1605,.F.);
#2038=ORIENTED_EDGE('',*,*,#1604,.T.);
#2039=ORIENTED_EDGE('',*,*,#1606,.F.);
#2040=ORIENTED_EDGE('',*,*,#1607,.F.);
#2041=ORIENTED_EDGE('',*,*,#1608,.F.);
#2042=ORIENTED_EDGE('',*,*,#1607,.T.);
#2043=ORIENTED_EDGE('',*,*,#1609,.F.);
#2044=ORIENTED_EDGE('',*,*,#1610,.F.);
#2045=ORIENTED_EDGE('',*,*,#1611,.F.);
#2046=ORIENTED_EDGE('',*,*,#1610,.T.);
#2047=ORIENTED_EDGE('',*,*,#1612,.F.);
#2048=ORIENTED_EDGE('',*,*,#1602,.F.);
#2049=ORIENTED_EDGE('',*,*,#1612,.T.);
#2050=ORIENTED_EDGE('',*,*,#1609,.T.);
#2051=ORIENTED_EDGE('',*,*,#1606,.T.);
#2052=ORIENTED_EDGE('',*,*,#1603,.T.);
#2053=ORIENTED_EDGE('',*,*,#1611,.T.);
#2054=ORIENTED_EDGE('',*,*,#1601,.T.);
#2055=ORIENTED_EDGE('',*,*,#1605,.T.);
#2056=ORIENTED_EDGE('',*,*,#1608,.T.);
#2057=ORIENTED_EDGE('',*,*,#1613,.F.);
#2058=ORIENTED_EDGE('',*,*,#1614,.T.);
#2059=ORIENTED_EDGE('',*,*,#1615,.F.);
#2060=ORIENTED_EDGE('',*,*,#1616,.F.);
#2061=ORIENTED_EDGE('',*,*,#1617,.F.);
#2062=ORIENTED_EDGE('',*,*,#1616,.T.);
#2063=ORIENTED_EDGE('',*,*,#1618,.F.);
#2064=ORIENTED_EDGE('',*,*,#1619,.F.);
#2065=ORIENTED_EDGE('',*,*,#1620,.F.);
#2066=ORIENTED_EDGE('',*,*,#1619,.T.);
#2067=ORIENTED_EDGE('',*,*,#1621,.F.);
#2068=ORIENTED_EDGE('',*,*,#1622,.F.);
#2069=ORIENTED_EDGE('',*,*,#1623,.F.);
#2070=ORIENTED_EDGE('',*,*,#1622,.T.);
#2071=ORIENTED_EDGE('',*,*,#1624,.F.);
#2072=ORIENTED_EDGE('',*,*,#1614,.F.);
#2073=ORIENTED_EDGE('',*,*,#1624,.T.);
#2074=ORIENTED_EDGE('',*,*,#1621,.T.);
#2075=ORIENTED_EDGE('',*,*,#1618,.T.);
#2076=ORIENTED_EDGE('',*,*,#1615,.T.);
#2077=ORIENTED_EDGE('',*,*,#1623,.T.);
#2078=ORIENTED_EDGE('',*,*,#1613,.T.);
#2079=ORIENTED_EDGE('',*,*,#1617,.T.);
#2080=ORIENTED_EDGE('',*,*,#1620,.T.);
#2081=ORIENTED_EDGE('',*,*,#1625,.F.);
#2082=ORIENTED_EDGE('',*,*,#1626,.T.);
#2083=ORIENTED_EDGE('',*,*,#1627,.F.);
#2084=ORIENTED_EDGE('',*,*,#1628,.F.);
#2085=ORIENTED_EDGE('',*,*,#1629,.F.);
#2086=ORIENTED_EDGE('',*,*,#1628,.T.);
#2087=ORIENTED_EDGE('',*,*,#1630,.F.);
#2088=ORIENTED_EDGE('',*,*,#1631,.F.);
#2089=ORIENTED_EDGE('',*,*,#1632,.F.);
#2090=ORIENTED_EDGE('',*,*,#1631,.T.);
#2091=ORIENTED_EDGE('',*,*,#1633,.F.);
#2092=ORIENTED_EDGE('',*,*,#1634,.F.);
#2093=ORIENTED_EDGE('',*,*,#1635,.F.);
#2094=ORIENTED_EDGE('',*,*,#1634,.T.);
#2095=ORIENTED_EDGE('',*,*,#1636,.F.);
#2096=ORIENTED_EDGE('',*,*,#1626,.F.);
#2097=ORIENTED_EDGE('',*,*,#1636,.T.);
#2098=ORIENTED_EDGE('',*,*,#1633,.T.);
#2099=ORIENTED_EDGE('',*,*,#1630,.T.);
#2100=ORIENTED_EDGE('',*,*,#1627,.T.);
#2101=ORIENTED_EDGE('',*,*,#1635,.T.);
#2102=ORIENTED_EDGE('',*,*,#1625,.T.);
#2103=ORIENTED_EDGE('',*,*,#1629,.T.);
#2104=ORIENTED_EDGE('',*,*,#1632,.T.);
#2105=ORIENTED_EDGE('',*,*,#1637,.F.);
#2106=ORIENTED_EDGE('',*,*,#1638,.T.);
#2107=ORIENTED_EDGE('',*,*,#1639,.F.);
#2108=ORIENTED_EDGE('',*,*,#1640,.F.);
#2109=ORIENTED_EDGE('',*,*,#1641,.F.);
#2110=ORIENTED_EDGE('',*,*,#1640,.T.);
#2111=ORIENTED_EDGE('',*,*,#1642,.F.);
#2112=ORIENTED_EDGE('',*,*,#1643,.F.);
#2113=ORIENTED_EDGE('',*,*,#1644,.F.);
#2114=ORIENTED_EDGE('',*,*,#1643,.T.);
#2115=ORIENTED_EDGE('',*,*,#1645,.F.);
#2116=ORIENTED_EDGE('',*,*,#1646,.F.);
#2117=ORIENTED_EDGE('',*,*,#1647,.F.);
#2118=ORIENTED_EDGE('',*,*,#1646,.T.);
#2119=ORIENTED_EDGE('',*,*,#1648,.F.);
#2120=ORIENTED_EDGE('',*,*,#1638,.F.);
#2121=ORIENTED_EDGE('',*,*,#1648,.T.);
#2122=ORIENTED_EDGE('',*,*,#1645,.T.);
#2123=ORIENTED_EDGE('',*,*,#1642,.T.);
#2124=ORIENTED_EDGE('',*,*,#1639,.T.);
#2125=ORIENTED_EDGE('',*,*,#1647,.T.);
#2126=ORIENTED_EDGE('',*,*,#1637,.T.);
#2127=ORIENTED_EDGE('',*,*,#1641,.T.);
#2128=ORIENTED_EDGE('',*,*,#1644,.T.);
#2129=ORIENTED_EDGE('',*,*,#1649,.T.);
#2130=ORIENTED_EDGE('',*,*,#1650,.T.);
#2131=ORIENTED_EDGE('',*,*,#1651,.F.);
#2132=ORIENTED_EDGE('',*,*,#1652,.F.);
#2133=ORIENTED_EDGE('',*,*,#1653,.T.);
#2134=ORIENTED_EDGE('',*,*,#1652,.T.);
#2135=ORIENTED_EDGE('',*,*,#1654,.F.);
#2136=ORIENTED_EDGE('',*,*,#1655,.F.);
#2137=ORIENTED_EDGE('',*,*,#1656,.T.);
#2138=ORIENTED_EDGE('',*,*,#1655,.T.);
#2139=ORIENTED_EDGE('',*,*,#1657,.F.);
#2140=ORIENTED_EDGE('',*,*,#1658,.F.);
#2141=ORIENTED_EDGE('',*,*,#1659,.T.);
#2142=ORIENTED_EDGE('',*,*,#1658,.T.);
#2143=ORIENTED_EDGE('',*,*,#1660,.F.);
#2144=ORIENTED_EDGE('',*,*,#1650,.F.);
#2145=ORIENTED_EDGE('',*,*,#1660,.T.);
#2146=ORIENTED_EDGE('',*,*,#1657,.T.);
#2147=ORIENTED_EDGE('',*,*,#1654,.T.);
#2148=ORIENTED_EDGE('',*,*,#1651,.T.);
#2149=ORIENTED_EDGE('',*,*,#1659,.F.);
#2150=ORIENTED_EDGE('',*,*,#1649,.F.);
#2151=ORIENTED_EDGE('',*,*,#1653,.F.);
#2152=ORIENTED_EDGE('',*,*,#1656,.F.);
#2153=ORIENTED_EDGE('',*,*,#1661,.T.);
#2154=ORIENTED_EDGE('',*,*,#1662,.T.);
#2155=ORIENTED_EDGE('',*,*,#1663,.F.);
#2156=ORIENTED_EDGE('',*,*,#1664,.F.);
#2157=ORIENTED_EDGE('',*,*,#1665,.T.);
#2158=ORIENTED_EDGE('',*,*,#1664,.T.);
#2159=ORIENTED_EDGE('',*,*,#1666,.F.);
#2160=ORIENTED_EDGE('',*,*,#1667,.F.);
#2161=ORIENTED_EDGE('',*,*,#1668,.T.);
#2162=ORIENTED_EDGE('',*,*,#1667,.T.);
#2163=ORIENTED_EDGE('',*,*,#1669,.F.);
#2164=ORIENTED_EDGE('',*,*,#1670,.F.);
#2165=ORIENTED_EDGE('',*,*,#1671,.T.);
#2166=ORIENTED_EDGE('',*,*,#1670,.T.);
#2167=ORIENTED_EDGE('',*,*,#1672,.F.);
#2168=ORIENTED_EDGE('',*,*,#1662,.F.);
#2169=ORIENTED_EDGE('',*,*,#1672,.T.);
#2170=ORIENTED_EDGE('',*,*,#1669,.T.);
#2171=ORIENTED_EDGE('',*,*,#1666,.T.);
#2172=ORIENTED_EDGE('',*,*,#1663,.T.);
#2173=ORIENTED_EDGE('',*,*,#1671,.F.);
#2174=ORIENTED_EDGE('',*,*,#1661,.F.);
#2175=ORIENTED_EDGE('',*,*,#1665,.F.);
#2176=ORIENTED_EDGE('',*,*,#1668,.F.);
#2177=ORIENTED_EDGE('',*,*,#1673,.T.);
#2178=ORIENTED_EDGE('',*,*,#1674,.T.);
#2179=ORIENTED_EDGE('',*,*,#1675,.F.);
#2180=ORIENTED_EDGE('',*,*,#1676,.F.);
#2181=ORIENTED_EDGE('',*,*,#1677,.T.);
#2182=ORIENTED_EDGE('',*,*,#1676,.T.);
#2183=ORIENTED_EDGE('',*,*,#1678,.F.);
#2184=ORIENTED_EDGE('',*,*,#1679,.F.);
#2185=ORIENTED_EDGE('',*,*,#1680,.T.);
#2186=ORIENTED_EDGE('',*,*,#1679,.T.);
#2187=ORIENTED_EDGE('',*,*,#1681,.F.);
#2188=ORIENTED_EDGE('',*,*,#1682,.F.);
#2189=ORIENTED_EDGE('',*,*,#1683,.T.);
#2190=ORIENTED_EDGE('',*,*,#1682,.T.);
#2191=ORIENTED_EDGE('',*,*,#1684,.F.);
#2192=ORIENTED_EDGE('',*,*,#1674,.F.);
#2193=ORIENTED_EDGE('',*,*,#1684,.T.);
#2194=ORIENTED_EDGE('',*,*,#1681,.T.);
#2195=ORIENTED_EDGE('',*,*,#1678,.T.);
#2196=ORIENTED_EDGE('',*,*,#1675,.T.);
#2197=ORIENTED_EDGE('',*,*,#1683,.F.);
#2198=ORIENTED_EDGE('',*,*,#1673,.F.);
#2199=ORIENTED_EDGE('',*,*,#1677,.F.);
#2200=ORIENTED_EDGE('',*,*,#1680,.F.);
#2201=ORIENTED_EDGE('',*,*,#1685,.F.);
#2202=ORIENTED_EDGE('',*,*,#1686,.T.);
#2203=ORIENTED_EDGE('',*,*,#1687,.F.);
#2204=ORIENTED_EDGE('',*,*,#1688,.F.);
#2205=ORIENTED_EDGE('',*,*,#1689,.F.);
#2206=ORIENTED_EDGE('',*,*,#1688,.T.);
#2207=ORIENTED_EDGE('',*,*,#1690,.F.);
#2208=ORIENTED_EDGE('',*,*,#1691,.F.);
#2209=ORIENTED_EDGE('',*,*,#1692,.F.);
#2210=ORIENTED_EDGE('',*,*,#1691,.T.);
#2211=ORIENTED_EDGE('',*,*,#1693,.F.);
#2212=ORIENTED_EDGE('',*,*,#1694,.F.);
#2213=ORIENTED_EDGE('',*,*,#1695,.F.);
#2214=ORIENTED_EDGE('',*,*,#1694,.T.);
#2215=ORIENTED_EDGE('',*,*,#1696,.F.);
#2216=ORIENTED_EDGE('',*,*,#1686,.F.);
#2217=ORIENTED_EDGE('',*,*,#1696,.T.);
#2218=ORIENTED_EDGE('',*,*,#1693,.T.);
#2219=ORIENTED_EDGE('',*,*,#1690,.T.);
#2220=ORIENTED_EDGE('',*,*,#1687,.T.);
#2221=ORIENTED_EDGE('',*,*,#1695,.T.);
#2222=ORIENTED_EDGE('',*,*,#1685,.T.);
#2223=ORIENTED_EDGE('',*,*,#1689,.T.);
#2224=ORIENTED_EDGE('',*,*,#1692,.T.);
#2225=ORIENTED_EDGE('',*,*,#1697,.F.);
#2226=ORIENTED_EDGE('',*,*,#1698,.T.);
#2227=ORIENTED_EDGE('',*,*,#1699,.F.);
#2228=ORIENTED_EDGE('',*,*,#1700,.F.);
#2229=ORIENTED_EDGE('',*,*,#1701,.F.);
#2230=ORIENTED_EDGE('',*,*,#1700,.T.);
#2231=ORIENTED_EDGE('',*,*,#1702,.F.);
#2232=ORIENTED_EDGE('',*,*,#1703,.F.);
#2233=ORIENTED_EDGE('',*,*,#1704,.F.);
#2234=ORIENTED_EDGE('',*,*,#1703,.T.);
#2235=ORIENTED_EDGE('',*,*,#1705,.F.);
#2236=ORIENTED_EDGE('',*,*,#1706,.F.);
#2237=ORIENTED_EDGE('',*,*,#1707,.F.);
#2238=ORIENTED_EDGE('',*,*,#1706,.T.);
#2239=ORIENTED_EDGE('',*,*,#1708,.F.);
#2240=ORIENTED_EDGE('',*,*,#1698,.F.);
#2241=ORIENTED_EDGE('',*,*,#1708,.T.);
#2242=ORIENTED_EDGE('',*,*,#1705,.T.);
#2243=ORIENTED_EDGE('',*,*,#1702,.T.);
#2244=ORIENTED_EDGE('',*,*,#1699,.T.);
#2245=ORIENTED_EDGE('',*,*,#1707,.T.);
#2246=ORIENTED_EDGE('',*,*,#1697,.T.);
#2247=ORIENTED_EDGE('',*,*,#1701,.T.);
#2248=ORIENTED_EDGE('',*,*,#1704,.T.);
#2249=ORIENTED_EDGE('',*,*,#1709,.T.);
#2250=ORIENTED_EDGE('',*,*,#1710,.T.);
#2251=ORIENTED_EDGE('',*,*,#1711,.F.);
#2252=ORIENTED_EDGE('',*,*,#1712,.F.);
#2253=ORIENTED_EDGE('',*,*,#1713,.T.);
#2254=ORIENTED_EDGE('',*,*,#1712,.T.);
#2255=ORIENTED_EDGE('',*,*,#1714,.F.);
#2256=ORIENTED_EDGE('',*,*,#1715,.F.);
#2257=ORIENTED_EDGE('',*,*,#1716,.T.);
#2258=ORIENTED_EDGE('',*,*,#1715,.T.);
#2259=ORIENTED_EDGE('',*,*,#1717,.F.);
#2260=ORIENTED_EDGE('',*,*,#1718,.F.);
#2261=ORIENTED_EDGE('',*,*,#1719,.T.);
#2262=ORIENTED_EDGE('',*,*,#1718,.T.);
#2263=ORIENTED_EDGE('',*,*,#1720,.F.);
#2264=ORIENTED_EDGE('',*,*,#1710,.F.);
#2265=ORIENTED_EDGE('',*,*,#1720,.T.);
#2266=ORIENTED_EDGE('',*,*,#1717,.T.);
#2267=ORIENTED_EDGE('',*,*,#1714,.T.);
#2268=ORIENTED_EDGE('',*,*,#1711,.T.);
#2269=ORIENTED_EDGE('',*,*,#1719,.F.);
#2270=ORIENTED_EDGE('',*,*,#1709,.F.);
#2271=ORIENTED_EDGE('',*,*,#1713,.F.);
#2272=ORIENTED_EDGE('',*,*,#1716,.F.);
#2273=ORIENTED_EDGE('',*,*,#1721,.T.);
#2274=ORIENTED_EDGE('',*,*,#1722,.T.);
#2275=ORIENTED_EDGE('',*,*,#1723,.F.);
#2276=ORIENTED_EDGE('',*,*,#1724,.F.);
#2277=ORIENTED_EDGE('',*,*,#1725,.T.);
#2278=ORIENTED_EDGE('',*,*,#1724,.T.);
#2279=ORIENTED_EDGE('',*,*,#1726,.F.);
#2280=ORIENTED_EDGE('',*,*,#1727,.F.);
#2281=ORIENTED_EDGE('',*,*,#1728,.T.);
#2282=ORIENTED_EDGE('',*,*,#1727,.T.);
#2283=ORIENTED_EDGE('',*,*,#1729,.F.);
#2284=ORIENTED_EDGE('',*,*,#1730,.F.);
#2285=ORIENTED_EDGE('',*,*,#1731,.T.);
#2286=ORIENTED_EDGE('',*,*,#1730,.T.);
#2287=ORIENTED_EDGE('',*,*,#1732,.F.);
#2288=ORIENTED_EDGE('',*,*,#1722,.F.);
#2289=ORIENTED_EDGE('',*,*,#1731,.F.);
#2290=ORIENTED_EDGE('',*,*,#1721,.F.);
#2291=ORIENTED_EDGE('',*,*,#1725,.F.);
#2292=ORIENTED_EDGE('',*,*,#1728,.F.);
#2293=ORIENTED_EDGE('',*,*,#1732,.T.);
#2294=ORIENTED_EDGE('',*,*,#1729,.T.);
#2295=ORIENTED_EDGE('',*,*,#1726,.T.);
#2296=ORIENTED_EDGE('',*,*,#1723,.T.);
#2297=ORIENTED_EDGE('',*,*,#1733,.F.);
#2298=ORIENTED_EDGE('',*,*,#1734,.T.);
#2299=ORIENTED_EDGE('',*,*,#1735,.F.);
#2300=ORIENTED_EDGE('',*,*,#1736,.F.);
#2301=ORIENTED_EDGE('',*,*,#1737,.F.);
#2302=ORIENTED_EDGE('',*,*,#1736,.T.);
#2303=ORIENTED_EDGE('',*,*,#1738,.F.);
#2304=ORIENTED_EDGE('',*,*,#1739,.F.);
#2305=ORIENTED_EDGE('',*,*,#1740,.F.);
#2306=ORIENTED_EDGE('',*,*,#1739,.T.);
#2307=ORIENTED_EDGE('',*,*,#1741,.F.);
#2308=ORIENTED_EDGE('',*,*,#1742,.F.);
#2309=ORIENTED_EDGE('',*,*,#1743,.F.);
#2310=ORIENTED_EDGE('',*,*,#1742,.T.);
#2311=ORIENTED_EDGE('',*,*,#1744,.F.);
#2312=ORIENTED_EDGE('',*,*,#1734,.F.);
#2313=ORIENTED_EDGE('',*,*,#1743,.T.);
#2314=ORIENTED_EDGE('',*,*,#1733,.T.);
#2315=ORIENTED_EDGE('',*,*,#1737,.T.);
#2316=ORIENTED_EDGE('',*,*,#1740,.T.);
#2317=ORIENTED_EDGE('',*,*,#1744,.T.);
#2318=ORIENTED_EDGE('',*,*,#1741,.T.);
#2319=ORIENTED_EDGE('',*,*,#1738,.T.);
#2320=ORIENTED_EDGE('',*,*,#1735,.T.);
#2321=ORIENTED_EDGE('',*,*,#1745,.F.);
#2322=ORIENTED_EDGE('',*,*,#1746,.T.);
#2323=ORIENTED_EDGE('',*,*,#1747,.F.);
#2324=ORIENTED_EDGE('',*,*,#1748,.F.);
#2325=ORIENTED_EDGE('',*,*,#1749,.F.);
#2326=ORIENTED_EDGE('',*,*,#1748,.T.);
#2327=ORIENTED_EDGE('',*,*,#1750,.F.);
#2328=ORIENTED_EDGE('',*,*,#1751,.F.);
#2329=ORIENTED_EDGE('',*,*,#1752,.F.);
#2330=ORIENTED_EDGE('',*,*,#1751,.T.);
#2331=ORIENTED_EDGE('',*,*,#1753,.F.);
#2332=ORIENTED_EDGE('',*,*,#1754,.F.);
#2333=ORIENTED_EDGE('',*,*,#1755,.F.);
#2334=ORIENTED_EDGE('',*,*,#1754,.T.);
#2335=ORIENTED_EDGE('',*,*,#1756,.F.);
#2336=ORIENTED_EDGE('',*,*,#1746,.F.);
#2337=ORIENTED_EDGE('',*,*,#1755,.T.);
#2338=ORIENTED_EDGE('',*,*,#1745,.T.);
#2339=ORIENTED_EDGE('',*,*,#1749,.T.);
#2340=ORIENTED_EDGE('',*,*,#1752,.T.);
#2341=ORIENTED_EDGE('',*,*,#1756,.T.);
#2342=ORIENTED_EDGE('',*,*,#1753,.T.);
#2343=ORIENTED_EDGE('',*,*,#1750,.T.);
#2344=ORIENTED_EDGE('',*,*,#1747,.T.);
#2345=ORIENTED_EDGE('',*,*,#1757,.F.);
#2346=ORIENTED_EDGE('',*,*,#1758,.T.);
#2347=ORIENTED_EDGE('',*,*,#1759,.F.);
#2348=ORIENTED_EDGE('',*,*,#1760,.F.);
#2349=ORIENTED_EDGE('',*,*,#1761,.F.);
#2350=ORIENTED_EDGE('',*,*,#1760,.T.);
#2351=ORIENTED_EDGE('',*,*,#1762,.F.);
#2352=ORIENTED_EDGE('',*,*,#1763,.F.);
#2353=ORIENTED_EDGE('',*,*,#1764,.F.);
#2354=ORIENTED_EDGE('',*,*,#1763,.T.);
#2355=ORIENTED_EDGE('',*,*,#1765,.F.);
#2356=ORIENTED_EDGE('',*,*,#1766,.F.);
#2357=ORIENTED_EDGE('',*,*,#1767,.F.);
#2358=ORIENTED_EDGE('',*,*,#1766,.T.);
#2359=ORIENTED_EDGE('',*,*,#1768,.F.);
#2360=ORIENTED_EDGE('',*,*,#1758,.F.);
#2361=ORIENTED_EDGE('',*,*,#1767,.T.);
#2362=ORIENTED_EDGE('',*,*,#1757,.T.);
#2363=ORIENTED_EDGE('',*,*,#1761,.T.);
#2364=ORIENTED_EDGE('',*,*,#1764,.T.);
#2365=ORIENTED_EDGE('',*,*,#1768,.T.);
#2366=ORIENTED_EDGE('',*,*,#1765,.T.);
#2367=ORIENTED_EDGE('',*,*,#1762,.T.);
#2368=ORIENTED_EDGE('',*,*,#1759,.T.);
#2369=ORIENTED_EDGE('',*,*,#1769,.T.);
#2370=ORIENTED_EDGE('',*,*,#1770,.T.);
#2371=ORIENTED_EDGE('',*,*,#1771,.F.);
#2372=ORIENTED_EDGE('',*,*,#1772,.F.);
#2373=ORIENTED_EDGE('',*,*,#1773,.T.);
#2374=ORIENTED_EDGE('',*,*,#1772,.T.);
#2375=ORIENTED_EDGE('',*,*,#1774,.F.);
#2376=ORIENTED_EDGE('',*,*,#1775,.F.);
#2377=ORIENTED_EDGE('',*,*,#1776,.T.);
#2378=ORIENTED_EDGE('',*,*,#1775,.T.);
#2379=ORIENTED_EDGE('',*,*,#1777,.F.);
#2380=ORIENTED_EDGE('',*,*,#1778,.F.);
#2381=ORIENTED_EDGE('',*,*,#1779,.T.);
#2382=ORIENTED_EDGE('',*,*,#1778,.T.);
#2383=ORIENTED_EDGE('',*,*,#1780,.F.);
#2384=ORIENTED_EDGE('',*,*,#1770,.F.);
#2385=ORIENTED_EDGE('',*,*,#1779,.F.);
#2386=ORIENTED_EDGE('',*,*,#1769,.F.);
#2387=ORIENTED_EDGE('',*,*,#1773,.F.);
#2388=ORIENTED_EDGE('',*,*,#1776,.F.);
#2389=ORIENTED_EDGE('',*,*,#1780,.T.);
#2390=ORIENTED_EDGE('',*,*,#1777,.T.);
#2391=ORIENTED_EDGE('',*,*,#1774,.T.);
#2392=ORIENTED_EDGE('',*,*,#1771,.T.);
#2393=ORIENTED_EDGE('',*,*,#1781,.T.);
#2394=ORIENTED_EDGE('',*,*,#1782,.T.);
#2395=ORIENTED_EDGE('',*,*,#1783,.F.);
#2396=ORIENTED_EDGE('',*,*,#1784,.F.);
#2397=ORIENTED_EDGE('',*,*,#1785,.T.);
#2398=ORIENTED_EDGE('',*,*,#1784,.T.);
#2399=ORIENTED_EDGE('',*,*,#1786,.F.);
#2400=ORIENTED_EDGE('',*,*,#1787,.F.);
#2401=ORIENTED_EDGE('',*,*,#1788,.T.);
#2402=ORIENTED_EDGE('',*,*,#1787,.T.);
#2403=ORIENTED_EDGE('',*,*,#1789,.F.);
#2404=ORIENTED_EDGE('',*,*,#1790,.F.);
#2405=ORIENTED_EDGE('',*,*,#1791,.T.);
#2406=ORIENTED_EDGE('',*,*,#1790,.T.);
#2407=ORIENTED_EDGE('',*,*,#1792,.F.);
#2408=ORIENTED_EDGE('',*,*,#1782,.F.);
#2409=ORIENTED_EDGE('',*,*,#1791,.F.);
#2410=ORIENTED_EDGE('',*,*,#1781,.F.);
#2411=ORIENTED_EDGE('',*,*,#1785,.F.);
#2412=ORIENTED_EDGE('',*,*,#1788,.F.);
#2413=ORIENTED_EDGE('',*,*,#1792,.T.);
#2414=ORIENTED_EDGE('',*,*,#1789,.T.);
#2415=ORIENTED_EDGE('',*,*,#1786,.T.);
#2416=ORIENTED_EDGE('',*,*,#1783,.T.);
#2417=ORIENTED_EDGE('',*,*,#1793,.T.);
#2418=ORIENTED_EDGE('',*,*,#1794,.T.);
#2419=ORIENTED_EDGE('',*,*,#1795,.F.);
#2420=ORIENTED_EDGE('',*,*,#1796,.F.);
#2421=ORIENTED_EDGE('',*,*,#1797,.T.);
#2422=ORIENTED_EDGE('',*,*,#1796,.T.);
#2423=ORIENTED_EDGE('',*,*,#1798,.F.);
#2424=ORIENTED_EDGE('',*,*,#1799,.F.);
#2425=ORIENTED_EDGE('',*,*,#1800,.T.);
#2426=ORIENTED_EDGE('',*,*,#1799,.T.);
#2427=ORIENTED_EDGE('',*,*,#1801,.F.);
#2428=ORIENTED_EDGE('',*,*,#1802,.F.);
#2429=ORIENTED_EDGE('',*,*,#1803,.T.);
#2430=ORIENTED_EDGE('',*,*,#1802,.T.);
#2431=ORIENTED_EDGE('',*,*,#1804,.F.);
#2432=ORIENTED_EDGE('',*,*,#1794,.F.);
#2433=ORIENTED_EDGE('',*,*,#1803,.F.);
#2434=ORIENTED_EDGE('',*,*,#1793,.F.);
#2435=ORIENTED_EDGE('',*,*,#1797,.F.);
#2436=ORIENTED_EDGE('',*,*,#1800,.F.);
#2437=ORIENTED_EDGE('',*,*,#1804,.T.);
#2438=ORIENTED_EDGE('',*,*,#1801,.T.);
#2439=ORIENTED_EDGE('',*,*,#1798,.T.);
#2440=ORIENTED_EDGE('',*,*,#1795,.T.);
#2441=ORIENTED_EDGE('',*,*,#1805,.F.);
#2442=ORIENTED_EDGE('',*,*,#1806,.T.);
#2443=ORIENTED_EDGE('',*,*,#1807,.F.);
#2444=ORIENTED_EDGE('',*,*,#1808,.F.);
#2445=ORIENTED_EDGE('',*,*,#1809,.F.);
#2446=ORIENTED_EDGE('',*,*,#1808,.T.);
#2447=ORIENTED_EDGE('',*,*,#1810,.F.);
#2448=ORIENTED_EDGE('',*,*,#1811,.F.);
#2449=ORIENTED_EDGE('',*,*,#1812,.F.);
#2450=ORIENTED_EDGE('',*,*,#1811,.T.);
#2451=ORIENTED_EDGE('',*,*,#1813,.F.);
#2452=ORIENTED_EDGE('',*,*,#1814,.F.);
#2453=ORIENTED_EDGE('',*,*,#1815,.F.);
#2454=ORIENTED_EDGE('',*,*,#1814,.T.);
#2455=ORIENTED_EDGE('',*,*,#1816,.F.);
#2456=ORIENTED_EDGE('',*,*,#1806,.F.);
#2457=ORIENTED_EDGE('',*,*,#1815,.T.);
#2458=ORIENTED_EDGE('',*,*,#1805,.T.);
#2459=ORIENTED_EDGE('',*,*,#1809,.T.);
#2460=ORIENTED_EDGE('',*,*,#1812,.T.);
#2461=ORIENTED_EDGE('',*,*,#1816,.T.);
#2462=ORIENTED_EDGE('',*,*,#1813,.T.);
#2463=ORIENTED_EDGE('',*,*,#1810,.T.);
#2464=ORIENTED_EDGE('',*,*,#1807,.T.);
#2465=ORIENTED_EDGE('',*,*,#1817,.F.);
#2466=ORIENTED_EDGE('',*,*,#1818,.T.);
#2467=ORIENTED_EDGE('',*,*,#1819,.F.);
#2468=ORIENTED_EDGE('',*,*,#1820,.F.);
#2469=ORIENTED_EDGE('',*,*,#1821,.F.);
#2470=ORIENTED_EDGE('',*,*,#1820,.T.);
#2471=ORIENTED_EDGE('',*,*,#1822,.F.);
#2472=ORIENTED_EDGE('',*,*,#1823,.F.);
#2473=ORIENTED_EDGE('',*,*,#1824,.F.);
#2474=ORIENTED_EDGE('',*,*,#1823,.T.);
#2475=ORIENTED_EDGE('',*,*,#1825,.F.);
#2476=ORIENTED_EDGE('',*,*,#1826,.F.);
#2477=ORIENTED_EDGE('',*,*,#1827,.F.);
#2478=ORIENTED_EDGE('',*,*,#1826,.T.);
#2479=ORIENTED_EDGE('',*,*,#1828,.F.);
#2480=ORIENTED_EDGE('',*,*,#1818,.F.);
#2481=ORIENTED_EDGE('',*,*,#1827,.T.);
#2482=ORIENTED_EDGE('',*,*,#1817,.T.);
#2483=ORIENTED_EDGE('',*,*,#1821,.T.);
#2484=ORIENTED_EDGE('',*,*,#1824,.T.);
#2485=ORIENTED_EDGE('',*,*,#1828,.T.);
#2486=ORIENTED_EDGE('',*,*,#1825,.T.);
#2487=ORIENTED_EDGE('',*,*,#1822,.T.);
#2488=ORIENTED_EDGE('',*,*,#1819,.T.);
#2489=ORIENTED_EDGE('',*,*,#1829,.F.);
#2490=ORIENTED_EDGE('',*,*,#1830,.T.);
#2491=ORIENTED_EDGE('',*,*,#1831,.F.);
#2492=ORIENTED_EDGE('',*,*,#1832,.F.);
#2493=ORIENTED_EDGE('',*,*,#1833,.F.);
#2494=ORIENTED_EDGE('',*,*,#1832,.T.);
#2495=ORIENTED_EDGE('',*,*,#1834,.F.);
#2496=ORIENTED_EDGE('',*,*,#1835,.F.);
#2497=ORIENTED_EDGE('',*,*,#1836,.F.);
#2498=ORIENTED_EDGE('',*,*,#1835,.T.);
#2499=ORIENTED_EDGE('',*,*,#1837,.F.);
#2500=ORIENTED_EDGE('',*,*,#1838,.F.);
#2501=ORIENTED_EDGE('',*,*,#1839,.F.);
#2502=ORIENTED_EDGE('',*,*,#1838,.T.);
#2503=ORIENTED_EDGE('',*,*,#1840,.F.);
#2504=ORIENTED_EDGE('',*,*,#1830,.F.);
#2505=ORIENTED_EDGE('',*,*,#1839,.T.);
#2506=ORIENTED_EDGE('',*,*,#1829,.T.);
#2507=ORIENTED_EDGE('',*,*,#1833,.T.);
#2508=ORIENTED_EDGE('',*,*,#1836,.T.);
#2509=ORIENTED_EDGE('',*,*,#1840,.T.);
#2510=ORIENTED_EDGE('',*,*,#1837,.T.);
#2511=ORIENTED_EDGE('',*,*,#1834,.T.);
#2512=ORIENTED_EDGE('',*,*,#1831,.T.);
#2513=ORIENTED_EDGE('',*,*,#1841,.T.);
#2514=ORIENTED_EDGE('',*,*,#1842,.T.);
#2515=ORIENTED_EDGE('',*,*,#1843,.F.);
#2516=ORIENTED_EDGE('',*,*,#1844,.F.);
#2517=ORIENTED_EDGE('',*,*,#1845,.T.);
#2518=ORIENTED_EDGE('',*,*,#1844,.T.);
#2519=ORIENTED_EDGE('',*,*,#1846,.F.);
#2520=ORIENTED_EDGE('',*,*,#1847,.F.);
#2521=ORIENTED_EDGE('',*,*,#1848,.T.);
#2522=ORIENTED_EDGE('',*,*,#1847,.T.);
#2523=ORIENTED_EDGE('',*,*,#1849,.F.);
#2524=ORIENTED_EDGE('',*,*,#1850,.F.);
#2525=ORIENTED_EDGE('',*,*,#1851,.T.);
#2526=ORIENTED_EDGE('',*,*,#1850,.T.);
#2527=ORIENTED_EDGE('',*,*,#1852,.F.);
#2528=ORIENTED_EDGE('',*,*,#1842,.F.);
#2529=ORIENTED_EDGE('',*,*,#1851,.F.);
#2530=ORIENTED_EDGE('',*,*,#1841,.F.);
#2531=ORIENTED_EDGE('',*,*,#1845,.F.);
#2532=ORIENTED_EDGE('',*,*,#1848,.F.);
#2533=ORIENTED_EDGE('',*,*,#1852,.T.);
#2534=ORIENTED_EDGE('',*,*,#1849,.T.);
#2535=ORIENTED_EDGE('',*,*,#1846,.T.);
#2536=ORIENTED_EDGE('',*,*,#1843,.T.);
#2537=ORIENTED_EDGE('',*,*,#1853,.T.);
#2538=ORIENTED_EDGE('',*,*,#1854,.T.);
#2539=ORIENTED_EDGE('',*,*,#1855,.F.);
#2540=ORIENTED_EDGE('',*,*,#1856,.F.);
#2541=ORIENTED_EDGE('',*,*,#1857,.T.);
#2542=ORIENTED_EDGE('',*,*,#1856,.T.);
#2543=ORIENTED_EDGE('',*,*,#1858,.F.);
#2544=ORIENTED_EDGE('',*,*,#1859,.F.);
#2545=ORIENTED_EDGE('',*,*,#1860,.T.);
#2546=ORIENTED_EDGE('',*,*,#1859,.T.);
#2547=ORIENTED_EDGE('',*,*,#1861,.F.);
#2548=ORIENTED_EDGE('',*,*,#1862,.F.);
#2549=ORIENTED_EDGE('',*,*,#1863,.T.);
#2550=ORIENTED_EDGE('',*,*,#1862,.T.);
#2551=ORIENTED_EDGE('',*,*,#1864,.F.);
#2552=ORIENTED_EDGE('',*,*,#1854,.F.);
#2553=ORIENTED_EDGE('',*,*,#1863,.F.);
#2554=ORIENTED_EDGE('',*,*,#1853,.F.);
#2555=ORIENTED_EDGE('',*,*,#1857,.F.);
#2556=ORIENTED_EDGE('',*,*,#1860,.F.);
#2557=ORIENTED_EDGE('',*,*,#1864,.T.);
#2558=ORIENTED_EDGE('',*,*,#1861,.T.);
#2559=ORIENTED_EDGE('',*,*,#1858,.T.);
#2560=ORIENTED_EDGE('',*,*,#1855,.T.);
#2561=CYLINDRICAL_SURFACE('',#2778,1.);
#2562=CYLINDRICAL_SURFACE('',#2781,1.);
#2563=CYLINDRICAL_SURFACE('',#2784,0.999999999999999);
#2564=CYLINDRICAL_SURFACE('',#2787,1.);
#2565=ADVANCED_FACE('',(#245),#2561,.F.);
#2566=ADVANCED_FACE('',(#246),#2562,.F.);
#2567=ADVANCED_FACE('',(#247),#2563,.F.);
#2568=ADVANCED_FACE('',(#248),#2564,.F.);
#2569=ADVANCED_FACE('',(#249),#77,.T.);
#2570=ADVANCED_FACE('',(#250),#78,.T.);
#2571=ADVANCED_FACE('',(#251),#79,.T.);
#2572=ADVANCED_FACE('',(#252),#80,.T.);
#2573=ADVANCED_FACE('',(#253,#69,#70,#71,#72),#81,.T.);
#2574=ADVANCED_FACE('',(#254,#73,#74,#75,#76),#82,.F.);
#2575=ADVANCED_FACE('',(#255),#83,.T.);
#2576=ADVANCED_FACE('',(#256),#84,.T.);
#2577=ADVANCED_FACE('',(#257),#85,.T.);
#2578=ADVANCED_FACE('',(#258),#86,.T.);
#2579=ADVANCED_FACE('',(#259),#87,.T.);
#2580=ADVANCED_FACE('',(#260),#88,.F.);
#2581=ADVANCED_FACE('',(#261),#89,.T.);
#2582=ADVANCED_FACE('',(#262),#90,.T.);
#2583=ADVANCED_FACE('',(#263),#91,.T.);
#2584=ADVANCED_FACE('',(#264),#92,.T.);
#2585=ADVANCED_FACE('',(#265),#93,.T.);
#2586=ADVANCED_FACE('',(#266),#94,.F.);
#2587=ADVANCED_FACE('',(#267),#95,.T.);
#2588=ADVANCED_FACE('',(#268),#96,.T.);
#2589=ADVANCED_FACE('',(#269),#97,.T.);
#2590=ADVANCED_FACE('',(#270),#98,.T.);
#2591=ADVANCED_FACE('',(#271),#99,.T.);
#2592=ADVANCED_FACE('',(#272),#100,.F.);
#2593=ADVANCED_FACE('',(#273),#101,.T.);
#2594=ADVANCED_FACE('',(#274),#102,.T.);
#2595=ADVANCED_FACE('',(#275),#103,.T.);
#2596=ADVANCED_FACE('',(#276),#104,.T.);
#2597=ADVANCED_FACE('',(#277),#105,.T.);
#2598=ADVANCED_FACE('',(#278),#106,.F.);
#2599=ADVANCED_FACE('',(#279),#107,.T.);
#2600=ADVANCED_FACE('',(#280),#108,.T.);
#2601=ADVANCED_FACE('',(#281),#109,.T.);
#2602=ADVANCED_FACE('',(#282),#110,.T.);
#2603=ADVANCED_FACE('',(#283),#111,.T.);
#2604=ADVANCED_FACE('',(#284),#112,.F.);
#2605=ADVANCED_FACE('',(#285),#113,.T.);
#2606=ADVANCED_FACE('',(#286),#114,.T.);
#2607=ADVANCED_FACE('',(#287),#115,.T.);
#2608=ADVANCED_FACE('',(#288),#116,.T.);
#2609=ADVANCED_FACE('',(#289),#117,.T.);
#2610=ADVANCED_FACE('',(#290),#118,.F.);
#2611=ADVANCED_FACE('',(#291),#119,.T.);
#2612=ADVANCED_FACE('',(#292),#120,.T.);
#2613=ADVANCED_FACE('',(#293),#121,.T.);
#2614=ADVANCED_FACE('',(#294),#122,.T.);
#2615=ADVANCED_FACE('',(#295),#123,.T.);
#2616=ADVANCED_FACE('',(#296),#124,.F.);
#2617=ADVANCED_FACE('',(#297),#125,.T.);
#2618=ADVANCED_FACE('',(#298),#126,.T.);
#2619=ADVANCED_FACE('',(#299),#127,.T.);
#2620=ADVANCED_FACE('',(#300),#128,.T.);
#2621=ADVANCED_FACE('',(#301),#129,.T.);
#2622=ADVANCED_FACE('',(#302),#130,.F.);
#2623=ADVANCED_FACE('',(#303),#131,.T.);
#2624=ADVANCED_FACE('',(#304),#132,.T.);
#2625=ADVANCED_FACE('',(#305),#133,.T.);
#2626=ADVANCED_FACE('',(#306),#134,.T.);
#2627=ADVANCED_FACE('',(#307),#135,.T.);
#2628=ADVANCED_FACE('',(#308),#136,.F.);
#2629=ADVANCED_FACE('',(#309),#137,.T.);
#2630=ADVANCED_FACE('',(#310),#138,.T.);
#2631=ADVANCED_FACE('',(#311),#139,.T.);
#2632=ADVANCED_FACE('',(#312),#140,.T.);
#2633=ADVANCED_FACE('',(#313),#141,.T.);
#2634=ADVANCED_FACE('',(#314),#142,.F.);
#2635=ADVANCED_FACE('',(#315),#143,.T.);
#2636=ADVANCED_FACE('',(#316),#144,.T.);
#2637=ADVANCED_FACE('',(#317),#145,.T.);
#2638=ADVANCED_FACE('',(#318),#146,.T.);
#2639=ADVANCED_FACE('',(#319),#147,.T.);
#2640=ADVANCED_FACE('',(#320),#148,.F.);
#2641=ADVANCED_FACE('',(#321),#149,.T.);
#2642=ADVANCED_FACE('',(#322),#150,.T.);
#2643=ADVANCED_FACE('',(#323),#151,.T.);
#2644=ADVANCED_FACE('',(#324),#152,.T.);
#2645=ADVANCED_FACE('',(#325),#153,.T.);
#2646=ADVANCED_FACE('',(#326),#154,.F.);
#2647=ADVANCED_FACE('',(#327),#155,.T.);
#2648=ADVANCED_FACE('',(#328),#156,.T.);
#2649=ADVANCED_FACE('',(#329),#157,.T.);
#2650=ADVANCED_FACE('',(#330),#158,.T.);
#2651=ADVANCED_FACE('',(#331),#159,.T.);
#2652=ADVANCED_FACE('',(#332),#160,.F.);
#2653=ADVANCED_FACE('',(#333),#161,.T.);
#2654=ADVANCED_FACE('',(#334),#162,.T.);
#2655=ADVANCED_FACE('',(#335),#163,.T.);
#2656=ADVANCED_FACE('',(#336),#164,.T.);
#2657=ADVANCED_FACE('',(#337),#165,.T.);
#2658=ADVANCED_FACE('',(#338),#166,.F.);
#2659=ADVANCED_FACE('',(#339),#167,.T.);
#2660=ADVANCED_FACE('',(#340),#168,.T.);
#2661=ADVANCED_FACE('',(#341),#169,.T.);
#2662=ADVANCED_FACE('',(#342),#170,.T.);
#2663=ADVANCED_FACE('',(#343),#171,.T.);
#2664=ADVANCED_FACE('',(#344),#172,.F.);
#2665=ADVANCED_FACE('',(#345),#173,.T.);
#2666=ADVANCED_FACE('',(#346),#174,.T.);
#2667=ADVANCED_FACE('',(#347),#175,.T.);
#2668=ADVANCED_FACE('',(#348),#176,.T.);
#2669=ADVANCED_FACE('',(#349),#177,.T.);
#2670=ADVANCED_FACE('',(#350),#178,.T.);
#2671=ADVANCED_FACE('',(#351),#179,.T.);
#2672=ADVANCED_FACE('',(#352),#180,.T.);
#2673=ADVANCED_FACE('',(#353),#181,.T.);
#2674=ADVANCED_FACE('',(#354),#182,.T.);
#2675=ADVANCED_FACE('',(#355),#183,.T.);
#2676=ADVANCED_FACE('',(#356),#184,.T.);
#2677=ADVANCED_FACE('',(#357),#185,.T.);
#2678=ADVANCED_FACE('',(#358),#186,.T.);
#2679=ADVANCED_FACE('',(#359),#187,.T.);
#2680=ADVANCED_FACE('',(#360),#188,.T.);
#2681=ADVANCED_FACE('',(#361),#189,.T.);
#2682=ADVANCED_FACE('',(#362),#190,.T.);
#2683=ADVANCED_FACE('',(#363),#191,.T.);
#2684=ADVANCED_FACE('',(#364),#192,.T.);
#2685=ADVANCED_FACE('',(#365),#193,.T.);
#2686=ADVANCED_FACE('',(#366),#194,.T.);
#2687=ADVANCED_FACE('',(#367),#195,.T.);
#2688=ADVANCED_FACE('',(#368),#196,.T.);
#2689=ADVANCED_FACE('',(#369),#197,.T.);
#2690=ADVANCED_FACE('',(#370),#198,.T.);
#2691=ADVANCED_FACE('',(#371),#199,.T.);
#2692=ADVANCED_FACE('',(#372),#200,.T.);
#2693=ADVANCED_FACE('',(#373),#201,.T.);
#2694=ADVANCED_FACE('',(#374),#202,.T.);
#2695=ADVANCED_FACE('',(#375),#203,.T.);
#2696=ADVANCED_FACE('',(#376),#204,.T.);
#2697=ADVANCED_FACE('',(#377),#205,.T.);
#2698=ADVANCED_FACE('',(#378),#206,.T.);
#2699=ADVANCED_FACE('',(#379),#207,.T.);
#2700=ADVANCED_FACE('',(#380),#208,.T.);
#2701=ADVANCED_FACE('',(#381),#209,.T.);
#2702=ADVANCED_FACE('',(#382),#210,.T.);
#2703=ADVANCED_FACE('',(#383),#211,.T.);
#2704=ADVANCED_FACE('',(#384),#212,.T.);
#2705=ADVANCED_FACE('',(#385),#213,.T.);
#2706=ADVANCED_FACE('',(#386),#214,.T.);
#2707=ADVANCED_FACE('',(#387),#215,.T.);
#2708=ADVANCED_FACE('',(#388),#216,.T.);
#2709=ADVANCED_FACE('',(#389),#217,.T.);
#2710=ADVANCED_FACE('',(#390),#218,.T.);
#2711=ADVANCED_FACE('',(#391),#219,.T.);
#2712=ADVANCED_FACE('',(#392),#220,.T.);
#2713=ADVANCED_FACE('',(#393),#221,.T.);
#2714=ADVANCED_FACE('',(#394),#222,.T.);
#2715=ADVANCED_FACE('',(#395),#223,.T.);
#2716=ADVANCED_FACE('',(#396),#224,.T.);
#2717=ADVANCED_FACE('',(#397),#225,.T.);
#2718=ADVANCED_FACE('',(#398),#226,.T.);
#2719=ADVANCED_FACE('',(#399),#227,.T.);
#2720=ADVANCED_FACE('',(#400),#228,.T.);
#2721=ADVANCED_FACE('',(#401),#229,.T.);
#2722=ADVANCED_FACE('',(#402),#230,.T.);
#2723=ADVANCED_FACE('',(#403),#231,.T.);
#2724=ADVANCED_FACE('',(#404),#232,.T.);
#2725=ADVANCED_FACE('',(#405),#233,.T.);
#2726=ADVANCED_FACE('',(#406),#234,.T.);
#2727=ADVANCED_FACE('',(#407),#235,.T.);
#2728=ADVANCED_FACE('',(#408),#236,.T.);
#2729=ADVANCED_FACE('',(#409),#237,.T.);
#2730=ADVANCED_FACE('',(#410),#238,.T.);
#2731=ADVANCED_FACE('',(#411),#239,.T.);
#2732=ADVANCED_FACE('',(#412),#240,.T.);
#2733=ADVANCED_FACE('',(#413),#241,.T.);
#2734=ADVANCED_FACE('',(#414),#242,.T.);
#2735=ADVANCED_FACE('',(#415),#243,.T.);
#2736=ADVANCED_FACE('',(#416),#244,.T.);
#2737=CLOSED_SHELL('',(#2565,#2566,#2567,#2568,#2569,#2570,#2571,#2572,
#2573,#2574));
#2738=CLOSED_SHELL('',(#2575,#2576,#2577,#2578,#2579,#2580));
#2739=CLOSED_SHELL('',(#2581,#2582,#2583,#2584,#2585,#2586));
#2740=CLOSED_SHELL('',(#2587,#2588,#2589,#2590,#2591,#2592));
#2741=CLOSED_SHELL('',(#2593,#2594,#2595,#2596,#2597,#2598));
#2742=CLOSED_SHELL('',(#2599,#2600,#2601,#2602,#2603,#2604));
#2743=CLOSED_SHELL('',(#2605,#2606,#2607,#2608,#2609,#2610));
#2744=CLOSED_SHELL('',(#2611,#2612,#2613,#2614,#2615,#2616));
#2745=CLOSED_SHELL('',(#2617,#2618,#2619,#2620,#2621,#2622));
#2746=CLOSED_SHELL('',(#2623,#2624,#2625,#2626,#2627,#2628));
#2747=CLOSED_SHELL('',(#2629,#2630,#2631,#2632,#2633,#2634));
#2748=CLOSED_SHELL('',(#2635,#2636,#2637,#2638,#2639,#2640));
#2749=CLOSED_SHELL('',(#2641,#2642,#2643,#2644,#2645,#2646));
#2750=CLOSED_SHELL('',(#2647,#2648,#2649,#2650,#2651,#2652));
#2751=CLOSED_SHELL('',(#2653,#2654,#2655,#2656,#2657,#2658));
#2752=CLOSED_SHELL('',(#2659,#2660,#2661,#2662,#2663,#2664));
#2753=CLOSED_SHELL('',(#2665,#2666,#2667,#2668,#2669,#2670));
#2754=CLOSED_SHELL('',(#2671,#2672,#2673,#2674,#2675,#2676));
#2755=CLOSED_SHELL('',(#2677,#2678,#2679,#2680,#2681,#2682));
#2756=CLOSED_SHELL('',(#2683,#2684,#2685,#2686,#2687,#2688));
#2757=CLOSED_SHELL('',(#2689,#2690,#2691,#2692,#2693,#2694));
#2758=CLOSED_SHELL('',(#2695,#2696,#2697,#2698,#2699,#2700));
#2759=CLOSED_SHELL('',(#2701,#2702,#2703,#2704,#2705,#2706));
#2760=CLOSED_SHELL('',(#2707,#2708,#2709,#2710,#2711,#2712));
#2761=CLOSED_SHELL('',(#2713,#2714,#2715,#2716,#2717,#2718));
#2762=CLOSED_SHELL('',(#2719,#2720,#2721,#2722,#2723,#2724));
#2763=CLOSED_SHELL('',(#2725,#2726,#2727,#2728,#2729,#2730));
#2764=CLOSED_SHELL('',(#2731,#2732,#2733,#2734,#2735,#2736));
#2765=DERIVED_UNIT_ELEMENT(#2767,1.);
#2766=DERIVED_UNIT_ELEMENT(#4418,-3.);
#2767=(
MASS_UNIT()
NAMED_UNIT(*)
SI_UNIT(.KILO.,.GRAM.)
);
#2768=DERIVED_UNIT((#2765,#2766));
#2769=MEASURE_REPRESENTATION_ITEM('density measure',
POSITIVE_RATIO_MEASURE(7850.),#2768);
#2770=PROPERTY_DEFINITION_REPRESENTATION(#2775,#2772);
#2771=PROPERTY_DEFINITION_REPRESENTATION(#2776,#2773);
#2772=REPRESENTATION('material name',(#2774),#4415);
#2773=REPRESENTATION('density',(#2769),#4415);
#2774=DESCRIPTIVE_REPRESENTATION_ITEM('Steel','Steel');
#2775=PROPERTY_DEFINITION('material property','material name',#4425);
#2776=PROPERTY_DEFINITION('material property','density of part',#4425);
#2777=AXIS2_PLACEMENT_3D('',#3660,#2958,#2959);
#2778=AXIS2_PLACEMENT_3D('',#3661,#2960,#2961);
#2779=AXIS2_PLACEMENT_3D('',#3663,#2962,#2963);
#2780=AXIS2_PLACEMENT_3D('',#3666,#2965,#2966);
#2781=AXIS2_PLACEMENT_3D('',#3667,#2967,#2968);
#2782=AXIS2_PLACEMENT_3D('',#3669,#2969,#2970);
#2783=AXIS2_PLACEMENT_3D('',#3672,#2972,#2973);
#2784=AXIS2_PLACEMENT_3D('',#3673,#2974,#2975);
#2785=AXIS2_PLACEMENT_3D('',#3675,#2976,#2977);
#2786=AXIS2_PLACEMENT_3D('',#3678,#2979,#2980);
#2787=AXIS2_PLACEMENT_3D('',#3679,#2981,#2982);
#2788=AXIS2_PLACEMENT_3D('',#3681,#2983,#2984);
#2789=AXIS2_PLACEMENT_3D('',#3684,#2986,#2987);
#2790=AXIS2_PLACEMENT_3D('',#3685,#2988,#2989);
#2791=AXIS2_PLACEMENT_3D('',#3694,#2994,#2995);
#2792=AXIS2_PLACEMENT_3D('',#3700,#2999,#3000);
#2793=AXIS2_PLACEMENT_3D('',#3706,#3004,#3005);
#2794=AXIS2_PLACEMENT_3D('',#3709,#3008,#3009);
#2795=AXIS2_PLACEMENT_3D('',#3710,#3010,#3011);
#2796=AXIS2_PLACEMENT_3D('',#3711,#3012,#3013);
#2797=AXIS2_PLACEMENT_3D('',#3720,#3018,#3019);
#2798=AXIS2_PLACEMENT_3D('',#3726,#3023,#3024);
#2799=AXIS2_PLACEMENT_3D('',#3732,#3028,#3029);
#2800=AXIS2_PLACEMENT_3D('',#3735,#3032,#3033);
#2801=AXIS2_PLACEMENT_3D('',#3736,#3034,#3035);
#2802=AXIS2_PLACEMENT_3D('',#3737,#3036,#3037);
#2803=AXIS2_PLACEMENT_3D('',#3746,#3042,#3043);
#2804=AXIS2_PLACEMENT_3D('',#3752,#3047,#3048);
#2805=AXIS2_PLACEMENT_3D('',#3758,#3052,#3053);
#2806=AXIS2_PLACEMENT_3D('',#3761,#3056,#3057);
#2807=AXIS2_PLACEMENT_3D('',#3762,#3058,#3059);
#2808=AXIS2_PLACEMENT_3D('',#3763,#3060,#3061);
#2809=AXIS2_PLACEMENT_3D('',#3772,#3066,#3067);
#2810=AXIS2_PLACEMENT_3D('',#3778,#3071,#3072);
#2811=AXIS2_PLACEMENT_3D('',#3784,#3076,#3077);
#2812=AXIS2_PLACEMENT_3D('',#3787,#3080,#3081);
#2813=AXIS2_PLACEMENT_3D('',#3788,#3082,#3083);
#2814=AXIS2_PLACEMENT_3D('',#3789,#3084,#3085);
#2815=AXIS2_PLACEMENT_3D('',#3798,#3090,#3091);
#2816=AXIS2_PLACEMENT_3D('',#3804,#3095,#3096);
#2817=AXIS2_PLACEMENT_3D('',#3810,#3100,#3101);
#2818=AXIS2_PLACEMENT_3D('',#3813,#3104,#3105);
#2819=AXIS2_PLACEMENT_3D('',#3814,#3106,#3107);
#2820=AXIS2_PLACEMENT_3D('',#3815,#3108,#3109);
#2821=AXIS2_PLACEMENT_3D('',#3824,#3114,#3115);
#2822=AXIS2_PLACEMENT_3D('',#3830,#3119,#3120);
#2823=AXIS2_PLACEMENT_3D('',#3836,#3124,#3125);
#2824=AXIS2_PLACEMENT_3D('',#3839,#3128,#3129);
#2825=AXIS2_PLACEMENT_3D('',#3840,#3130,#3131);
#2826=AXIS2_PLACEMENT_3D('',#3841,#3132,#3133);
#2827=AXIS2_PLACEMENT_3D('',#3850,#3138,#3139);
#2828=AXIS2_PLACEMENT_3D('',#3856,#3143,#3144);
#2829=AXIS2_PLACEMENT_3D('',#3862,#3148,#3149);
#2830=AXIS2_PLACEMENT_3D('',#3865,#3152,#3153);
#2831=AXIS2_PLACEMENT_3D('',#3866,#3154,#3155);
#2832=AXIS2_PLACEMENT_3D('',#3867,#3156,#3157);
#2833=AXIS2_PLACEMENT_3D('',#3876,#3162,#3163);
#2834=AXIS2_PLACEMENT_3D('',#3882,#3167,#3168);
#2835=AXIS2_PLACEMENT_3D('',#3888,#3172,#3173);
#2836=AXIS2_PLACEMENT_3D('',#3891,#3176,#3177);
#2837=AXIS2_PLACEMENT_3D('',#3892,#3178,#3179);
#2838=AXIS2_PLACEMENT_3D('',#3893,#3180,#3181);
#2839=AXIS2_PLACEMENT_3D('',#3902,#3186,#3187);
#2840=AXIS2_PLACEMENT_3D('',#3908,#3191,#3192);
#2841=AXIS2_PLACEMENT_3D('',#3914,#3196,#3197);
#2842=AXIS2_PLACEMENT_3D('',#3917,#3200,#3201);
#2843=AXIS2_PLACEMENT_3D('',#3918,#3202,#3203);
#2844=AXIS2_PLACEMENT_3D('',#3919,#3204,#3205);
#2845=AXIS2_PLACEMENT_3D('',#3928,#3210,#3211);
#2846=AXIS2_PLACEMENT_3D('',#3934,#3215,#3216);
#2847=AXIS2_PLACEMENT_3D('',#3940,#3220,#3221);
#2848=AXIS2_PLACEMENT_3D('',#3943,#3224,#3225);
#2849=AXIS2_PLACEMENT_3D('',#3944,#3226,#3227);
#2850=AXIS2_PLACEMENT_3D('',#3945,#3228,#3229);
#2851=AXIS2_PLACEMENT_3D('',#3954,#3234,#3235);
#2852=AXIS2_PLACEMENT_3D('',#3960,#3239,#3240);
#2853=AXIS2_PLACEMENT_3D('',#3966,#3244,#3245);
#2854=AXIS2_PLACEMENT_3D('',#3969,#3248,#3249);
#2855=AXIS2_PLACEMENT_3D('',#3970,#3250,#3251);
#2856=AXIS2_PLACEMENT_3D('',#3971,#3252,#3253);
#2857=AXIS2_PLACEMENT_3D('',#3980,#3258,#3259);
#2858=AXIS2_PLACEMENT_3D('',#3986,#3263,#3264);
#2859=AXIS2_PLACEMENT_3D('',#3992,#3268,#3269);
#2860=AXIS2_PLACEMENT_3D('',#3995,#3272,#3273);
#2861=AXIS2_PLACEMENT_3D('',#3996,#3274,#3275);
#2862=AXIS2_PLACEMENT_3D('',#3997,#3276,#3277);
#2863=AXIS2_PLACEMENT_3D('',#4006,#3282,#3283);
#2864=AXIS2_PLACEMENT_3D('',#4012,#3287,#3288);
#2865=AXIS2_PLACEMENT_3D('',#4018,#3292,#3293);
#2866=AXIS2_PLACEMENT_3D('',#4021,#3296,#3297);
#2867=AXIS2_PLACEMENT_3D('',#4022,#3298,#3299);
#2868=AXIS2_PLACEMENT_3D('',#4023,#3300,#3301);
#2869=AXIS2_PLACEMENT_3D('',#4032,#3306,#3307);
#2870=AXIS2_PLACEMENT_3D('',#4038,#3311,#3312);
#2871=AXIS2_PLACEMENT_3D('',#4044,#3316,#3317);
#2872=AXIS2_PLACEMENT_3D('',#4047,#3320,#3321);
#2873=AXIS2_PLACEMENT_3D('',#4048,#3322,#3323);
#2874=AXIS2_PLACEMENT_3D('',#4049,#3324,#3325);
#2875=AXIS2_PLACEMENT_3D('',#4058,#3330,#3331);
#2876=AXIS2_PLACEMENT_3D('',#4064,#3335,#3336);
#2877=AXIS2_PLACEMENT_3D('',#4070,#3340,#3341);
#2878=AXIS2_PLACEMENT_3D('',#4073,#3344,#3345);
#2879=AXIS2_PLACEMENT_3D('',#4074,#3346,#3347);
#2880=AXIS2_PLACEMENT_3D('',#4075,#3348,#3349);
#2881=AXIS2_PLACEMENT_3D('',#4084,#3354,#3355);
#2882=AXIS2_PLACEMENT_3D('',#4090,#3359,#3360);
#2883=AXIS2_PLACEMENT_3D('',#4096,#3364,#3365);
#2884=AXIS2_PLACEMENT_3D('',#4099,#3368,#3369);
#2885=AXIS2_PLACEMENT_3D('',#4100,#3370,#3371);
#2886=AXIS2_PLACEMENT_3D('',#4101,#3372,#3373);
#2887=AXIS2_PLACEMENT_3D('',#4110,#3378,#3379);
#2888=AXIS2_PLACEMENT_3D('',#4116,#3383,#3384);
#2889=AXIS2_PLACEMENT_3D('',#4122,#3388,#3389);
#2890=AXIS2_PLACEMENT_3D('',#4125,#3392,#3393);
#2891=AXIS2_PLACEMENT_3D('',#4126,#3394,#3395);
#2892=AXIS2_PLACEMENT_3D('',#4127,#3396,#3397);
#2893=AXIS2_PLACEMENT_3D('',#4136,#3402,#3403);
#2894=AXIS2_PLACEMENT_3D('',#4142,#3407,#3408);
#2895=AXIS2_PLACEMENT_3D('',#4148,#3412,#3413);
#2896=AXIS2_PLACEMENT_3D('',#4151,#3416,#3417);
#2897=AXIS2_PLACEMENT_3D('',#4152,#3418,#3419);
#2898=AXIS2_PLACEMENT_3D('',#4153,#3420,#3421);
#2899=AXIS2_PLACEMENT_3D('',#4162,#3426,#3427);
#2900=AXIS2_PLACEMENT_3D('',#4168,#3431,#3432);
#2901=AXIS2_PLACEMENT_3D('',#4174,#3436,#3437);
#2902=AXIS2_PLACEMENT_3D('',#4177,#3440,#3441);
#2903=AXIS2_PLACEMENT_3D('',#4178,#3442,#3443);
#2904=AXIS2_PLACEMENT_3D('',#4179,#3444,#3445);
#2905=AXIS2_PLACEMENT_3D('',#4188,#3450,#3451);
#2906=AXIS2_PLACEMENT_3D('',#4194,#3455,#3456);
#2907=AXIS2_PLACEMENT_3D('',#4200,#3460,#3461);
#2908=AXIS2_PLACEMENT_3D('',#4203,#3464,#3465);
#2909=AXIS2_PLACEMENT_3D('',#4204,#3466,#3467);
#2910=AXIS2_PLACEMENT_3D('',#4205,#3468,#3469);
#2911=AXIS2_PLACEMENT_3D('',#4214,#3474,#3475);
#2912=AXIS2_PLACEMENT_3D('',#4220,#3479,#3480);
#2913=AXIS2_PLACEMENT_3D('',#4226,#3484,#3485);
#2914=AXIS2_PLACEMENT_3D('',#4229,#3488,#3489);
#2915=AXIS2_PLACEMENT_3D('',#4230,#3490,#3491);
#2916=AXIS2_PLACEMENT_3D('',#4231,#3492,#3493);
#2917=AXIS2_PLACEMENT_3D('',#4240,#3498,#3499);
#2918=AXIS2_PLACEMENT_3D('',#4246,#3503,#3504);
#2919=AXIS2_PLACEMENT_3D('',#4252,#3508,#3509);
#2920=AXIS2_PLACEMENT_3D('',#4255,#3512,#3513);
#2921=AXIS2_PLACEMENT_3D('',#4256,#3514,#3515);
#2922=AXIS2_PLACEMENT_3D('',#4257,#3516,#3517);
#2923=AXIS2_PLACEMENT_3D('',#4266,#3522,#3523);
#2924=AXIS2_PLACEMENT_3D('',#4272,#3527,#3528);
#2925=AXIS2_PLACEMENT_3D('',#4278,#3532,#3533);
#2926=AXIS2_PLACEMENT_3D('',#4281,#3536,#3537);
#2927=AXIS2_PLACEMENT_3D('',#4282,#3538,#3539);
#2928=AXIS2_PLACEMENT_3D('',#4283,#3540,#3541);
#2929=AXIS2_PLACEMENT_3D('',#4292,#3546,#3547);
#2930=AXIS2_PLACEMENT_3D('',#4298,#3551,#3552);
#2931=AXIS2_PLACEMENT_3D('',#4304,#3556,#3557);
#2932=AXIS2_PLACEMENT_3D('',#4307,#3560,#3561);
#2933=AXIS2_PLACEMENT_3D('',#4308,#3562,#3563);
#2934=AXIS2_PLACEMENT_3D('',#4309,#3564,#3565);
#2935=AXIS2_PLACEMENT_3D('',#4318,#3570,#3571);
#2936=AXIS2_PLACEMENT_3D('',#4324,#3575,#3576);
#2937=AXIS2_PLACEMENT_3D('',#4330,#3580,#3581);
#2938=AXIS2_PLACEMENT_3D('',#4333,#3584,#3585);
#2939=AXIS2_PLACEMENT_3D('',#4334,#3586,#3587);
#2940=AXIS2_PLACEMENT_3D('',#4335,#3588,#3589);
#2941=AXIS2_PLACEMENT_3D('',#4344,#3594,#3595);
#2942=AXIS2_PLACEMENT_3D('',#4350,#3599,#3600);
#2943=AXIS2_PLACEMENT_3D('',#4356,#3604,#3605);
#2944=AXIS2_PLACEMENT_3D('',#4359,#3608,#3609);
#2945=AXIS2_PLACEMENT_3D('',#4360,#3610,#3611);
#2946=AXIS2_PLACEMENT_3D('',#4361,#3612,#3613);
#2947=AXIS2_PLACEMENT_3D('',#4370,#3618,#3619);
#2948=AXIS2_PLACEMENT_3D('',#4376,#3623,#3624);
#2949=AXIS2_PLACEMENT_3D('',#4382,#3628,#3629);
#2950=AXIS2_PLACEMENT_3D('',#4385,#3632,#3633);
#2951=AXIS2_PLACEMENT_3D('',#4386,#3634,#3635);
#2952=AXIS2_PLACEMENT_3D('',#4387,#3636,#3637);
#2953=AXIS2_PLACEMENT_3D('',#4396,#3642,#3643);
#2954=AXIS2_PLACEMENT_3D('',#4402,#3647,#3648);
#2955=AXIS2_PLACEMENT_3D('',#4408,#3652,#3653);
#2956=AXIS2_PLACEMENT_3D('',#4411,#3656,#3657);
#2957=AXIS2_PLACEMENT_3D('',#4412,#3658,#3659);
#2958=DIRECTION('axis',(0.,0.,1.));
#2959=DIRECTION('refdir',(1.,0.,0.));
#2960=DIRECTION('center_axis',(0.,0.,1.));
#2961=DIRECTION('ref_axis',(1.,0.,0.));
#2962=DIRECTION('center_axis',(0.,0.,-1.));
#2963=DIRECTION('ref_axis',(1.,0.,0.));
#2964=DIRECTION('',(0.,0.,-1.));
#2965=DIRECTION('center_axis',(0.,0.,-1.));
#2966=DIRECTION('ref_axis',(1.,0.,0.));
#2967=DIRECTION('center_axis',(0.,0.,1.));
#2968=DIRECTION('ref_axis',(1.,0.,0.));
#2969=DIRECTION('center_axis',(0.,0.,-1.));
#2970=DIRECTION('ref_axis',(1.,0.,0.));
#2971=DIRECTION('',(0.,0.,-1.));
#2972=DIRECTION('center_axis',(0.,0.,-1.));
#2973=DIRECTION('ref_axis',(1.,0.,0.));
#2974=DIRECTION('center_axis',(0.,0.,1.));
#2975=DIRECTION('ref_axis',(1.,0.,0.));
#2976=DIRECTION('center_axis',(0.,0.,-1.));
#2977=DIRECTION('ref_axis',(1.,0.,0.));
#2978=DIRECTION('',(0.,0.,-1.));
#2979=DIRECTION('center_axis',(0.,0.,-1.));
#2980=DIRECTION('ref_axis',(1.,0.,0.));
#2981=DIRECTION('center_axis',(0.,0.,1.));
#2982=DIRECTION('ref_axis',(1.,0.,0.));
#2983=DIRECTION('center_axis',(0.,0.,-1.));
#2984=DIRECTION('ref_axis',(1.,0.,0.));
#2985=DIRECTION('',(0.,0.,-1.));
#2986=DIRECTION('center_axis',(0.,0.,-1.));
#2987=DIRECTION('ref_axis',(1.,0.,0.));
#2988=DIRECTION('center_axis',(0.,1.,0.));
#2989=DIRECTION('ref_axis',(-1.,0.,0.));
#2990=DIRECTION('',(-1.,0.,0.));
#2991=DIRECTION('',(0.,0.,1.));
#2992=DIRECTION('',(-1.,0.,0.));
#2993=DIRECTION('',(0.,0.,1.));
#2994=DIRECTION('center_axis',(1.,0.,0.));
#2995=DIRECTION('ref_axis',(0.,1.,0.));
#2996=DIRECTION('',(0.,1.,0.));
#2997=DIRECTION('',(0.,1.,0.));
#2998=DIRECTION('',(0.,0.,1.));
#2999=DIRECTION('center_axis',(0.,-1.,0.));
#3000=DIRECTION('ref_axis',(1.,0.,0.));
#3001=DIRECTION('',(1.,0.,0.));
#3002=DIRECTION('',(1.,0.,0.));
#3003=DIRECTION('',(0.,0.,1.));
#3004=DIRECTION('center_axis',(-1.,0.,0.));
#3005=DIRECTION('ref_axis',(0.,-1.,0.));
#3006=DIRECTION('',(0.,-1.,0.));
#3007=DIRECTION('',(0.,-1.,0.));
#3008=DIRECTION('center_axis',(0.,0.,1.));
#3009=DIRECTION('ref_axis',(1.,0.,0.));
#3010=DIRECTION('center_axis',(0.,0.,1.));
#3011=DIRECTION('ref_axis',(1.,0.,0.));
#3012=DIRECTION('center_axis',(1.,0.,0.));
#3013=DIRECTION('ref_axis',(0.,1.,0.));
#3014=DIRECTION('',(0.,-1.,0.));
#3015=DIRECTION('',(0.,0.,1.));
#3016=DIRECTION('',(0.,1.,0.));
#3017=DIRECTION('',(0.,0.,1.));
#3018=DIRECTION('center_axis',(0.,-1.,0.));
#3019=DIRECTION('ref_axis',(1.,0.,0.));
#3020=DIRECTION('',(-1.,0.,0.));
#3021=DIRECTION('',(1.,0.,0.));
#3022=DIRECTION('',(0.,0.,1.));
#3023=DIRECTION('center_axis',(-1.,0.,0.));
#3024=DIRECTION('ref_axis',(0.,-1.,0.));
#3025=DIRECTION('',(0.,1.,0.));
#3026=DIRECTION('',(0.,-1.,0.));
#3027=DIRECTION('',(0.,0.,1.));
#3028=DIRECTION('center_axis',(0.,1.,0.));
#3029=DIRECTION('ref_axis',(-1.,0.,0.));
#3030=DIRECTION('',(1.,0.,0.));
#3031=DIRECTION('',(-1.,0.,0.));
#3032=DIRECTION('center_axis',(0.,0.,1.));
#3033=DIRECTION('ref_axis',(1.,0.,0.));
#3034=DIRECTION('center_axis',(0.,0.,1.));
#3035=DIRECTION('ref_axis',(-1.,0.,0.));
#3036=DIRECTION('center_axis',(1.,-9.25185853854296E-17,0.));
#3037=DIRECTION('ref_axis',(9.25185853854296E-17,1.,0.));
#3038=DIRECTION('',(-9.25185853854296E-17,-1.,0.));
#3039=DIRECTION('',(0.,0.,1.));
#3040=DIRECTION('',(9.25185853854296E-17,1.,0.));
#3041=DIRECTION('',(0.,0.,1.));
#3042=DIRECTION('center_axis',(0.,-1.,0.));
#3043=DIRECTION('ref_axis',(1.,0.,0.));
#3044=DIRECTION('',(-1.,0.,0.));
#3045=DIRECTION('',(1.,0.,0.));
#3046=DIRECTION('',(0.,0.,1.));
#3047=DIRECTION('center_axis',(-1.,-1.38777878078144E-16,0.));
#3048=DIRECTION('ref_axis',(1.38777878078144E-16,-1.,0.));
#3049=DIRECTION('',(-1.38777878078144E-16,1.,0.));
#3050=DIRECTION('',(1.38777878078144E-16,-1.,0.));
#3051=DIRECTION('',(0.,0.,1.));
#3052=DIRECTION('center_axis',(-7.40148683083438E-16,1.,0.));
#3053=DIRECTION('ref_axis',(-1.,-7.40148683083438E-16,0.));
#3054=DIRECTION('',(1.,7.40148683083438E-16,0.));
#3055=DIRECTION('',(-1.,-7.40148683083438E-16,0.));
#3056=DIRECTION('center_axis',(0.,0.,1.));
#3057=DIRECTION('ref_axis',(1.,0.,0.));
#3058=DIRECTION('center_axis',(0.,0.,1.));
#3059=DIRECTION('ref_axis',(-1.,0.,0.));
#3060=DIRECTION('center_axis',(1.,0.,0.));
#3061=DIRECTION('ref_axis',(0.,1.,0.));
#3062=DIRECTION('',(0.,1.,0.));
#3063=DIRECTION('',(0.,0.,1.));
#3064=DIRECTION('',(0.,1.,0.));
#3065=DIRECTION('',(0.,0.,1.));
#3066=DIRECTION('center_axis',(0.,-1.,0.));
#3067=DIRECTION('ref_axis',(1.,0.,0.));
#3068=DIRECTION('',(1.,0.,0.));
#3069=DIRECTION('',(1.,0.,0.));
#3070=DIRECTION('',(0.,0.,1.));
#3071=DIRECTION('center_axis',(-1.,0.,0.));
#3072=DIRECTION('ref_axis',(0.,-1.,0.));
#3073=DIRECTION('',(0.,-1.,0.));
#3074=DIRECTION('',(0.,-1.,0.));
#3075=DIRECTION('',(0.,0.,1.));
#3076=DIRECTION('center_axis',(0.,1.,0.));
#3077=DIRECTION('ref_axis',(-1.,0.,0.));
#3078=DIRECTION('',(-1.,0.,0.));
#3079=DIRECTION('',(-1.,0.,0.));
#3080=DIRECTION('center_axis',(0.,0.,1.));
#3081=DIRECTION('ref_axis',(1.,0.,0.));
#3082=DIRECTION('center_axis',(0.,0.,1.));
#3083=DIRECTION('ref_axis',(-1.,0.,0.));
#3084=DIRECTION('center_axis',(1.,0.,0.));
#3085=DIRECTION('ref_axis',(0.,1.,0.));
#3086=DIRECTION('',(0.,1.,0.));
#3087=DIRECTION('',(0.,0.,1.));
#3088=DIRECTION('',(0.,1.,0.));
#3089=DIRECTION('',(0.,0.,1.));
#3090=DIRECTION('center_axis',(0.,-1.,0.));
#3091=DIRECTION('ref_axis',(1.,0.,0.));
#3092=DIRECTION('',(1.,0.,0.));
#3093=DIRECTION('',(1.,0.,0.));
#3094=DIRECTION('',(0.,0.,1.));
#3095=DIRECTION('center_axis',(-1.,0.,0.));
#3096=DIRECTION('ref_axis',(0.,-1.,0.));
#3097=DIRECTION('',(0.,-1.,0.));
#3098=DIRECTION('',(0.,-1.,0.));
#3099=DIRECTION('',(0.,0.,1.));
#3100=DIRECTION('center_axis',(0.,1.,0.));
#3101=DIRECTION('ref_axis',(-1.,0.,0.));
#3102=DIRECTION('',(-1.,0.,0.));
#3103=DIRECTION('',(-1.,0.,0.));
#3104=DIRECTION('center_axis',(0.,0.,1.));
#3105=DIRECTION('ref_axis',(1.,0.,0.));
#3106=DIRECTION('center_axis',(0.,0.,1.));
#3107=DIRECTION('ref_axis',(-1.,0.,0.));
#3108=DIRECTION('center_axis',(1.,0.,0.));
#3109=DIRECTION('ref_axis',(0.,1.,0.));
#3110=DIRECTION('',(0.,1.,0.));
#3111=DIRECTION('',(0.,0.,1.));
#3112=DIRECTION('',(0.,1.,0.));
#3113=DIRECTION('',(0.,0.,1.));
#3114=DIRECTION('center_axis',(0.,-1.,0.));
#3115=DIRECTION('ref_axis',(1.,0.,0.));
#3116=DIRECTION('',(1.,0.,0.));
#3117=DIRECTION('',(1.,0.,0.));
#3118=DIRECTION('',(0.,0.,1.));
#3119=DIRECTION('center_axis',(-1.,0.,0.));
#3120=DIRECTION('ref_axis',(0.,-1.,0.));
#3121=DIRECTION('',(0.,-1.,0.));
#3122=DIRECTION('',(0.,-1.,0.));
#3123=DIRECTION('',(0.,0.,1.));
#3124=DIRECTION('center_axis',(0.,1.,0.));
#3125=DIRECTION('ref_axis',(-1.,0.,0.));
#3126=DIRECTION('',(-1.,0.,0.));
#3127=DIRECTION('',(-1.,0.,0.));
#3128=DIRECTION('center_axis',(0.,0.,1.));
#3129=DIRECTION('ref_axis',(1.,0.,0.));
#3130=DIRECTION('center_axis',(0.,0.,1.));
#3131=DIRECTION('ref_axis',(-1.,0.,0.));
#3132=DIRECTION('center_axis',(1.,0.,0.));
#3133=DIRECTION('ref_axis',(0.,1.,0.));
#3134=DIRECTION('',(0.,-1.,0.));
#3135=DIRECTION('',(0.,0.,1.));
#3136=DIRECTION('',(0.,1.,0.));
#3137=DIRECTION('',(0.,0.,1.));
#3138=DIRECTION('center_axis',(0.,-1.,0.));
#3139=DIRECTION('ref_axis',(1.,0.,0.));
#3140=DIRECTION('',(-1.,0.,0.));
#3141=DIRECTION('',(1.,0.,0.));
#3142=DIRECTION('',(0.,0.,1.));
#3143=DIRECTION('center_axis',(-1.,0.,0.));
#3144=DIRECTION('ref_axis',(0.,-1.,0.));
#3145=DIRECTION('',(0.,1.,0.));
#3146=DIRECTION('',(0.,-1.,0.));
#3147=DIRECTION('',(0.,0.,1.));
#3148=DIRECTION('center_axis',(0.,1.,0.));
#3149=DIRECTION('ref_axis',(-1.,0.,0.));
#3150=DIRECTION('',(1.,0.,0.));
#3151=DIRECTION('',(-1.,0.,0.));
#3152=DIRECTION('center_axis',(0.,0.,1.));
#3153=DIRECTION('ref_axis',(1.,0.,0.));
#3154=DIRECTION('center_axis',(0.,0.,1.));
#3155=DIRECTION('ref_axis',(-1.,0.,0.));
#3156=DIRECTION('center_axis',(1.,0.,0.));
#3157=DIRECTION('ref_axis',(0.,1.,0.));
#3158=DIRECTION('',(0.,-1.,0.));
#3159=DIRECTION('',(0.,0.,1.));
#3160=DIRECTION('',(0.,1.,0.));
#3161=DIRECTION('',(0.,0.,1.));
#3162=DIRECTION('center_axis',(0.,-1.,0.));
#3163=DIRECTION('ref_axis',(1.,0.,0.));
#3164=DIRECTION('',(-1.,0.,0.));
#3165=DIRECTION('',(1.,0.,0.));
#3166=DIRECTION('',(0.,0.,1.));
#3167=DIRECTION('center_axis',(-1.,0.,0.));
#3168=DIRECTION('ref_axis',(0.,-1.,0.));
#3169=DIRECTION('',(0.,1.,0.));
#3170=DIRECTION('',(0.,-1.,0.));
#3171=DIRECTION('',(0.,0.,1.));
#3172=DIRECTION('center_axis',(0.,1.,0.));
#3173=DIRECTION('ref_axis',(-1.,0.,0.));
#3174=DIRECTION('',(1.,0.,0.));
#3175=DIRECTION('',(-1.,0.,0.));
#3176=DIRECTION('center_axis',(0.,0.,1.));
#3177=DIRECTION('ref_axis',(1.,0.,0.));
#3178=DIRECTION('center_axis',(0.,0.,1.));
#3179=DIRECTION('ref_axis',(-1.,0.,0.));
#3180=DIRECTION('center_axis',(1.,0.,0.));
#3181=DIRECTION('ref_axis',(0.,1.,0.));
#3182=DIRECTION('',(0.,-1.,0.));
#3183=DIRECTION('',(0.,0.,1.));
#3184=DIRECTION('',(0.,1.,0.));
#3185=DIRECTION('',(0.,0.,1.));
#3186=DIRECTION('center_axis',(0.,-1.,0.));
#3187=DIRECTION('ref_axis',(1.,0.,0.));
#3188=DIRECTION('',(-1.,0.,0.));
#3189=DIRECTION('',(1.,0.,0.));
#3190=DIRECTION('',(0.,0.,1.));
#3191=DIRECTION('center_axis',(-1.,0.,0.));
#3192=DIRECTION('ref_axis',(0.,-1.,0.));
#3193=DIRECTION('',(0.,1.,0.));
#3194=DIRECTION('',(0.,-1.,0.));
#3195=DIRECTION('',(0.,0.,1.));
#3196=DIRECTION('center_axis',(0.,1.,0.));
#3197=DIRECTION('ref_axis',(-1.,0.,0.));
#3198=DIRECTION('',(1.,0.,0.));
#3199=DIRECTION('',(-1.,0.,0.));
#3200=DIRECTION('center_axis',(0.,0.,1.));
#3201=DIRECTION('ref_axis',(1.,0.,0.));
#3202=DIRECTION('center_axis',(0.,0.,1.));
#3203=DIRECTION('ref_axis',(-1.,0.,0.));
#3204=DIRECTION('center_axis',(1.,0.,0.));
#3205=DIRECTION('ref_axis',(0.,1.,0.));
#3206=DIRECTION('',(0.,-1.,0.));
#3207=DIRECTION('',(0.,0.,1.));
#3208=DIRECTION('',(0.,1.,0.));
#3209=DIRECTION('',(0.,0.,1.));
#3210=DIRECTION('center_axis',(7.40148683083438E-16,-1.,0.));
#3211=DIRECTION('ref_axis',(1.,7.40148683083438E-16,0.));
#3212=DIRECTION('',(-1.,-7.40148683083438E-16,0.));
#3213=DIRECTION('',(1.,7.40148683083438E-16,0.));
#3214=DIRECTION('',(0.,0.,1.));
#3215=DIRECTION('center_axis',(-1.,-9.25185853854297E-17,0.));
#3216=DIRECTION('ref_axis',(9.25185853854297E-17,-1.,0.));
#3217=DIRECTION('',(-9.25185853854297E-17,1.,0.));
#3218=DIRECTION('',(9.25185853854297E-17,-1.,0.));
#3219=DIRECTION('',(0.,0.,1.));
#3220=DIRECTION('center_axis',(0.,1.,0.));
#3221=DIRECTION('ref_axis',(-1.,0.,0.));
#3222=DIRECTION('',(1.,0.,0.));
#3223=DIRECTION('',(-1.,0.,0.));
#3224=DIRECTION('center_axis',(0.,0.,1.));
#3225=DIRECTION('ref_axis',(1.,0.,0.));
#3226=DIRECTION('center_axis',(0.,0.,1.));
#3227=DIRECTION('ref_axis',(-1.,0.,0.));
#3228=DIRECTION('center_axis',(1.,0.,0.));
#3229=DIRECTION('ref_axis',(0.,1.,0.));
#3230=DIRECTION('',(0.,1.,0.));
#3231=DIRECTION('',(0.,0.,1.));
#3232=DIRECTION('',(0.,1.,0.));
#3233=DIRECTION('',(0.,0.,1.));
#3234=DIRECTION('center_axis',(0.,-1.,0.));
#3235=DIRECTION('ref_axis',(1.,0.,0.));
#3236=DIRECTION('',(1.,0.,0.));
#3237=DIRECTION('',(1.,0.,0.));
#3238=DIRECTION('',(0.,0.,1.));
#3239=DIRECTION('center_axis',(-1.,0.,0.));
#3240=DIRECTION('ref_axis',(0.,-1.,0.));
#3241=DIRECTION('',(0.,-1.,0.));
#3242=DIRECTION('',(0.,-1.,0.));
#3243=DIRECTION('',(0.,0.,1.));
#3244=DIRECTION('center_axis',(0.,1.,0.));
#3245=DIRECTION('ref_axis',(-1.,0.,0.));
#3246=DIRECTION('',(-1.,0.,0.));
#3247=DIRECTION('',(-1.,0.,0.));
#3248=DIRECTION('center_axis',(0.,0.,1.));
#3249=DIRECTION('ref_axis',(1.,0.,0.));
#3250=DIRECTION('center_axis',(0.,0.,1.));
#3251=DIRECTION('ref_axis',(-1.,0.,0.));
#3252=DIRECTION('center_axis',(1.,0.,0.));
#3253=DIRECTION('ref_axis',(0.,1.,0.));
#3254=DIRECTION('',(0.,1.,0.));
#3255=DIRECTION('',(0.,0.,1.));
#3256=DIRECTION('',(0.,1.,0.));
#3257=DIRECTION('',(0.,0.,1.));
#3258=DIRECTION('center_axis',(0.,-1.,0.));
#3259=DIRECTION('ref_axis',(1.,0.,0.));
#3260=DIRECTION('',(1.,0.,0.));
#3261=DIRECTION('',(1.,0.,0.));
#3262=DIRECTION('',(0.,0.,1.));
#3263=DIRECTION('center_axis',(-1.,0.,0.));
#3264=DIRECTION('ref_axis',(0.,-1.,0.));
#3265=DIRECTION('',(0.,-1.,0.));
#3266=DIRECTION('',(0.,-1.,0.));
#3267=DIRECTION('',(0.,0.,1.));
#3268=DIRECTION('center_axis',(0.,1.,0.));
#3269=DIRECTION('ref_axis',(-1.,0.,0.));
#3270=DIRECTION('',(-1.,0.,0.));
#3271=DIRECTION('',(-1.,0.,0.));
#3272=DIRECTION('center_axis',(0.,0.,1.));
#3273=DIRECTION('ref_axis',(1.,0.,0.));
#3274=DIRECTION('center_axis',(0.,0.,1.));
#3275=DIRECTION('ref_axis',(-1.,0.,0.));
#3276=DIRECTION('center_axis',(1.,0.,0.));
#3277=DIRECTION('ref_axis',(0.,1.,0.));
#3278=DIRECTION('',(0.,1.,0.));
#3279=DIRECTION('',(0.,0.,1.));
#3280=DIRECTION('',(0.,1.,0.));
#3281=DIRECTION('',(0.,0.,1.));
#3282=DIRECTION('center_axis',(0.,-1.,0.));
#3283=DIRECTION('ref_axis',(1.,0.,0.));
#3284=DIRECTION('',(1.,0.,0.));
#3285=DIRECTION('',(1.,0.,0.));
#3286=DIRECTION('',(0.,0.,1.));
#3287=DIRECTION('center_axis',(-1.,0.,0.));
#3288=DIRECTION('ref_axis',(0.,-1.,0.));
#3289=DIRECTION('',(0.,-1.,0.));
#3290=DIRECTION('',(0.,-1.,0.));
#3291=DIRECTION('',(0.,0.,1.));
#3292=DIRECTION('center_axis',(0.,1.,0.));
#3293=DIRECTION('ref_axis',(-1.,0.,0.));
#3294=DIRECTION('',(-1.,0.,0.));
#3295=DIRECTION('',(-1.,0.,0.));
#3296=DIRECTION('center_axis',(0.,0.,1.));
#3297=DIRECTION('ref_axis',(1.,0.,0.));
#3298=DIRECTION('center_axis',(0.,0.,1.));
#3299=DIRECTION('ref_axis',(-1.,0.,0.));
#3300=DIRECTION('center_axis',(1.,0.,0.));
#3301=DIRECTION('ref_axis',(0.,1.,0.));
#3302=DIRECTION('',(0.,-1.,0.));
#3303=DIRECTION('',(0.,0.,1.));
#3304=DIRECTION('',(0.,1.,0.));
#3305=DIRECTION('',(0.,0.,1.));
#3306=DIRECTION('center_axis',(0.,-1.,0.));
#3307=DIRECTION('ref_axis',(1.,0.,0.));
#3308=DIRECTION('',(-1.,0.,0.));
#3309=DIRECTION('',(1.,0.,0.));
#3310=DIRECTION('',(0.,0.,1.));
#3311=DIRECTION('center_axis',(-1.,0.,0.));
#3312=DIRECTION('ref_axis',(0.,-1.,0.));
#3313=DIRECTION('',(0.,1.,0.));
#3314=DIRECTION('',(0.,-1.,0.));
#3315=DIRECTION('',(0.,0.,1.));
#3316=DIRECTION('center_axis',(0.,1.,0.));
#3317=DIRECTION('ref_axis',(-1.,0.,0.));
#3318=DIRECTION('',(1.,0.,0.));
#3319=DIRECTION('',(-1.,0.,0.));
#3320=DIRECTION('center_axis',(0.,0.,1.));
#3321=DIRECTION('ref_axis',(1.,0.,0.));
#3322=DIRECTION('center_axis',(0.,0.,1.));
#3323=DIRECTION('ref_axis',(-1.,0.,0.));
#3324=DIRECTION('center_axis',(1.,0.,0.));
#3325=DIRECTION('ref_axis',(0.,1.,0.));
#3326=DIRECTION('',(0.,-1.,0.));
#3327=DIRECTION('',(0.,0.,1.));
#3328=DIRECTION('',(0.,1.,0.));
#3329=DIRECTION('',(0.,0.,1.));
#3330=DIRECTION('center_axis',(0.,-1.,0.));
#3331=DIRECTION('ref_axis',(1.,0.,0.));
#3332=DIRECTION('',(-1.,0.,0.));
#3333=DIRECTION('',(1.,0.,0.));
#3334=DIRECTION('',(0.,0.,1.));
#3335=DIRECTION('center_axis',(-1.,0.,0.));
#3336=DIRECTION('ref_axis',(0.,-1.,0.));
#3337=DIRECTION('',(0.,1.,0.));
#3338=DIRECTION('',(0.,-1.,0.));
#3339=DIRECTION('',(0.,0.,1.));
#3340=DIRECTION('center_axis',(0.,1.,0.));
#3341=DIRECTION('ref_axis',(-1.,0.,0.));
#3342=DIRECTION('',(1.,0.,0.));
#3343=DIRECTION('',(-1.,0.,0.));
#3344=DIRECTION('center_axis',(0.,0.,1.));
#3345=DIRECTION('ref_axis',(1.,0.,0.));
#3346=DIRECTION('center_axis',(0.,0.,1.));
#3347=DIRECTION('ref_axis',(-1.,0.,0.));
#3348=DIRECTION('center_axis',(0.,1.,0.));
#3349=DIRECTION('ref_axis',(1.,0.,0.));
#3350=DIRECTION('',(1.,0.,0.));
#3351=DIRECTION('',(0.,0.,-1.));
#3352=DIRECTION('',(1.,0.,0.));
#3353=DIRECTION('',(0.,0.,-1.));
#3354=DIRECTION('center_axis',(-1.,-2.22044604925031E-16,0.));
#3355=DIRECTION('ref_axis',(-2.22044604925031E-16,1.,0.));
#3356=DIRECTION('',(-2.22044604925031E-16,1.,0.));
#3357=DIRECTION('',(-2.22044604925031E-16,1.,0.));
#3358=DIRECTION('',(0.,0.,-1.));
#3359=DIRECTION('center_axis',(0.,-1.,0.));
#3360=DIRECTION('ref_axis',(-1.,0.,0.));
#3361=DIRECTION('',(-1.,0.,0.));
#3362=DIRECTION('',(-1.,0.,0.));
#3363=DIRECTION('',(0.,0.,-1.));
#3364=DIRECTION('center_axis',(1.,-4.44089209850063E-16,0.));
#3365=DIRECTION('ref_axis',(-4.44089209850063E-16,-1.,0.));
#3366=DIRECTION('',(-4.44089209850063E-16,-1.,0.));
#3367=DIRECTION('',(-4.44089209850063E-16,-1.,0.));
#3368=DIRECTION('center_axis',(0.,0.,-1.));
#3369=DIRECTION('ref_axis',(-1.,0.,0.));
#3370=DIRECTION('center_axis',(0.,0.,-1.));
#3371=DIRECTION('ref_axis',(1.,0.,0.));
#3372=DIRECTION('center_axis',(-1.,0.,0.));
#3373=DIRECTION('ref_axis',(0.,1.,0.));
#3374=DIRECTION('',(0.,1.,0.));
#3375=DIRECTION('',(0.,0.,-1.));
#3376=DIRECTION('',(0.,1.,0.));
#3377=DIRECTION('',(0.,0.,-1.));
#3378=DIRECTION('center_axis',(0.,-1.,0.));
#3379=DIRECTION('ref_axis',(-1.,0.,0.));
#3380=DIRECTION('',(-1.,0.,0.));
#3381=DIRECTION('',(-1.,0.,0.));
#3382=DIRECTION('',(0.,0.,-1.));
#3383=DIRECTION('center_axis',(1.,0.,0.));
#3384=DIRECTION('ref_axis',(0.,-1.,0.));
#3385=DIRECTION('',(0.,-1.,0.));
#3386=DIRECTION('',(0.,-1.,0.));
#3387=DIRECTION('',(0.,0.,-1.));
#3388=DIRECTION('center_axis',(0.,1.,0.));
#3389=DIRECTION('ref_axis',(1.,0.,0.));
#3390=DIRECTION('',(1.,0.,0.));
#3391=DIRECTION('',(1.,0.,0.));
#3392=DIRECTION('center_axis',(0.,0.,1.));
#3393=DIRECTION('ref_axis',(-1.,0.,0.));
#3394=DIRECTION('center_axis',(0.,0.,-1.));
#3395=DIRECTION('ref_axis',(-1.,0.,0.));
#3396=DIRECTION('center_axis',(-1.,0.,0.));
#3397=DIRECTION('ref_axis',(0.,1.,0.));
#3398=DIRECTION('',(0.,-1.,0.));
#3399=DIRECTION('',(0.,0.,-1.));
#3400=DIRECTION('',(0.,1.,0.));
#3401=DIRECTION('',(0.,0.,-1.));
#3402=DIRECTION('center_axis',(0.,-1.,0.));
#3403=DIRECTION('ref_axis',(-1.,0.,0.));
#3404=DIRECTION('',(1.,0.,0.));
#3405=DIRECTION('',(-1.,0.,0.));
#3406=DIRECTION('',(0.,0.,-1.));
#3407=DIRECTION('center_axis',(1.,0.,0.));
#3408=DIRECTION('ref_axis',(0.,-1.,0.));
#3409=DIRECTION('',(0.,1.,0.));
#3410=DIRECTION('',(0.,-1.,0.));
#3411=DIRECTION('',(0.,0.,-1.));
#3412=DIRECTION('center_axis',(0.,1.,0.));
#3413=DIRECTION('ref_axis',(1.,0.,0.));
#3414=DIRECTION('',(-1.,0.,0.));
#3415=DIRECTION('',(1.,0.,0.));
#3416=DIRECTION('center_axis',(0.,0.,1.));
#3417=DIRECTION('ref_axis',(-1.,0.,0.));
#3418=DIRECTION('center_axis',(0.,0.,-1.));
#3419=DIRECTION('ref_axis',(-1.,0.,0.));
#3420=DIRECTION('center_axis',(-1.,0.,0.));
#3421=DIRECTION('ref_axis',(0.,1.,0.));
#3422=DIRECTION('',(0.,-1.,0.));
#3423=DIRECTION('',(0.,0.,-1.));
#3424=DIRECTION('',(0.,1.,0.));
#3425=DIRECTION('',(0.,0.,-1.));
#3426=DIRECTION('center_axis',(0.,-1.,0.));
#3427=DIRECTION('ref_axis',(-1.,0.,0.));
#3428=DIRECTION('',(1.,0.,0.));
#3429=DIRECTION('',(-1.,0.,0.));
#3430=DIRECTION('',(0.,0.,-1.));
#3431=DIRECTION('center_axis',(1.,0.,0.));
#3432=DIRECTION('ref_axis',(0.,-1.,0.));
#3433=DIRECTION('',(0.,1.,0.));
#3434=DIRECTION('',(0.,-1.,0.));
#3435=DIRECTION('',(0.,0.,-1.));
#3436=DIRECTION('center_axis',(0.,1.,0.));
#3437=DIRECTION('ref_axis',(1.,0.,0.));
#3438=DIRECTION('',(-1.,0.,0.));
#3439=DIRECTION('',(1.,0.,0.));
#3440=DIRECTION('center_axis',(0.,0.,1.));
#3441=DIRECTION('ref_axis',(-1.,0.,0.));
#3442=DIRECTION('center_axis',(0.,0.,-1.));
#3443=DIRECTION('ref_axis',(-1.,0.,0.));
#3444=DIRECTION('center_axis',(-1.,0.,0.));
#3445=DIRECTION('ref_axis',(0.,1.,0.));
#3446=DIRECTION('',(0.,-1.,0.));
#3447=DIRECTION('',(0.,0.,-1.));
#3448=DIRECTION('',(0.,1.,0.));
#3449=DIRECTION('',(0.,0.,-1.));
#3450=DIRECTION('center_axis',(0.,-1.,0.));
#3451=DIRECTION('ref_axis',(-1.,0.,0.));
#3452=DIRECTION('',(1.,0.,0.));
#3453=DIRECTION('',(-1.,0.,0.));
#3454=DIRECTION('',(0.,0.,-1.));
#3455=DIRECTION('center_axis',(1.,0.,0.));
#3456=DIRECTION('ref_axis',(0.,-1.,0.));
#3457=DIRECTION('',(0.,1.,0.));
#3458=DIRECTION('',(0.,-1.,0.));
#3459=DIRECTION('',(0.,0.,-1.));
#3460=DIRECTION('center_axis',(0.,1.,0.));
#3461=DIRECTION('ref_axis',(1.,0.,0.));
#3462=DIRECTION('',(-1.,0.,0.));
#3463=DIRECTION('',(1.,0.,0.));
#3464=DIRECTION('center_axis',(0.,0.,1.));
#3465=DIRECTION('ref_axis',(-1.,0.,0.));
#3466=DIRECTION('center_axis',(0.,0.,-1.));
#3467=DIRECTION('ref_axis',(-1.,0.,0.));
#3468=DIRECTION('center_axis',(-1.,0.,0.));
#3469=DIRECTION('ref_axis',(0.,1.,0.));
#3470=DIRECTION('',(0.,1.,0.));
#3471=DIRECTION('',(0.,0.,-1.));
#3472=DIRECTION('',(0.,1.,0.));
#3473=DIRECTION('',(0.,0.,-1.));
#3474=DIRECTION('center_axis',(0.,-1.,0.));
#3475=DIRECTION('ref_axis',(-1.,0.,0.));
#3476=DIRECTION('',(-1.,0.,0.));
#3477=DIRECTION('',(-1.,0.,0.));
#3478=DIRECTION('',(0.,0.,-1.));
#3479=DIRECTION('center_axis',(1.,0.,0.));
#3480=DIRECTION('ref_axis',(0.,-1.,0.));
#3481=DIRECTION('',(0.,-1.,0.));
#3482=DIRECTION('',(0.,-1.,0.));
#3483=DIRECTION('',(0.,0.,-1.));
#3484=DIRECTION('center_axis',(0.,1.,0.));
#3485=DIRECTION('ref_axis',(1.,0.,0.));
#3486=DIRECTION('',(1.,0.,0.));
#3487=DIRECTION('',(1.,0.,0.));
#3488=DIRECTION('center_axis',(0.,0.,1.));
#3489=DIRECTION('ref_axis',(-1.,0.,0.));
#3490=DIRECTION('center_axis',(0.,0.,-1.));
#3491=DIRECTION('ref_axis',(-1.,0.,0.));
#3492=DIRECTION('center_axis',(-1.,0.,0.));
#3493=DIRECTION('ref_axis',(0.,1.,0.));
#3494=DIRECTION('',(0.,1.,0.));
#3495=DIRECTION('',(0.,0.,-1.));
#3496=DIRECTION('',(0.,1.,0.));
#3497=DIRECTION('',(0.,0.,-1.));
#3498=DIRECTION('center_axis',(0.,-1.,0.));
#3499=DIRECTION('ref_axis',(-1.,0.,0.));
#3500=DIRECTION('',(-1.,0.,0.));
#3501=DIRECTION('',(-1.,0.,0.));
#3502=DIRECTION('',(0.,0.,-1.));
#3503=DIRECTION('center_axis',(1.,0.,0.));
#3504=DIRECTION('ref_axis',(0.,-1.,0.));
#3505=DIRECTION('',(0.,-1.,0.));
#3506=DIRECTION('',(0.,-1.,0.));
#3507=DIRECTION('',(0.,0.,-1.));
#3508=DIRECTION('center_axis',(0.,1.,0.));
#3509=DIRECTION('ref_axis',(1.,0.,0.));
#3510=DIRECTION('',(1.,0.,0.));
#3511=DIRECTION('',(1.,0.,0.));
#3512=DIRECTION('center_axis',(0.,0.,1.));
#3513=DIRECTION('ref_axis',(-1.,0.,0.));
#3514=DIRECTION('center_axis',(0.,0.,-1.));
#3515=DIRECTION('ref_axis',(-1.,0.,0.));
#3516=DIRECTION('center_axis',(-1.,0.,0.));
#3517=DIRECTION('ref_axis',(0.,1.,0.));
#3518=DIRECTION('',(0.,1.,0.));
#3519=DIRECTION('',(0.,0.,-1.));
#3520=DIRECTION('',(0.,1.,0.));
#3521=DIRECTION('',(0.,0.,-1.));
#3522=DIRECTION('center_axis',(0.,-1.,0.));
#3523=DIRECTION('ref_axis',(-1.,0.,0.));
#3524=DIRECTION('',(-1.,0.,0.));
#3525=DIRECTION('',(-1.,0.,0.));
#3526=DIRECTION('',(0.,0.,-1.));
#3527=DIRECTION('center_axis',(1.,0.,0.));
#3528=DIRECTION('ref_axis',(0.,-1.,0.));
#3529=DIRECTION('',(0.,-1.,0.));
#3530=DIRECTION('',(0.,-1.,0.));
#3531=DIRECTION('',(0.,0.,-1.));
#3532=DIRECTION('center_axis',(0.,1.,0.));
#3533=DIRECTION('ref_axis',(1.,0.,0.));
#3534=DIRECTION('',(1.,0.,0.));
#3535=DIRECTION('',(1.,0.,0.));
#3536=DIRECTION('center_axis',(0.,0.,1.));
#3537=DIRECTION('ref_axis',(-1.,0.,0.));
#3538=DIRECTION('center_axis',(0.,0.,-1.));
#3539=DIRECTION('ref_axis',(-1.,0.,0.));
#3540=DIRECTION('center_axis',(-1.,0.,0.));
#3541=DIRECTION('ref_axis',(0.,1.,0.));
#3542=DIRECTION('',(0.,-1.,0.));
#3543=DIRECTION('',(0.,0.,-1.));
#3544=DIRECTION('',(0.,1.,0.));
#3545=DIRECTION('',(0.,0.,-1.));
#3546=DIRECTION('center_axis',(0.,-1.,0.));
#3547=DIRECTION('ref_axis',(-1.,0.,0.));
#3548=DIRECTION('',(1.,0.,0.));
#3549=DIRECTION('',(-1.,0.,0.));
#3550=DIRECTION('',(0.,0.,-1.));
#3551=DIRECTION('center_axis',(1.,0.,0.));
#3552=DIRECTION('ref_axis',(0.,-1.,0.));
#3553=DIRECTION('',(0.,1.,0.));
#3554=DIRECTION('',(0.,-1.,0.));
#3555=DIRECTION('',(0.,0.,-1.));
#3556=DIRECTION('center_axis',(0.,1.,0.));
#3557=DIRECTION('ref_axis',(1.,0.,0.));
#3558=DIRECTION('',(-1.,0.,0.));
#3559=DIRECTION('',(1.,0.,0.));
#3560=DIRECTION('center_axis',(0.,0.,1.));
#3561=DIRECTION('ref_axis',(-1.,0.,0.));
#3562=DIRECTION('center_axis',(0.,0.,-1.));
#3563=DIRECTION('ref_axis',(-1.,0.,0.));
#3564=DIRECTION('center_axis',(-1.,0.,0.));
#3565=DIRECTION('ref_axis',(0.,1.,0.));
#3566=DIRECTION('',(0.,-1.,0.));
#3567=DIRECTION('',(0.,0.,-1.));
#3568=DIRECTION('',(0.,1.,0.));
#3569=DIRECTION('',(0.,0.,-1.));
#3570=DIRECTION('center_axis',(0.,-1.,0.));
#3571=DIRECTION('ref_axis',(-1.,0.,0.));
#3572=DIRECTION('',(1.,0.,0.));
#3573=DIRECTION('',(-1.,0.,0.));
#3574=DIRECTION('',(0.,0.,-1.));
#3575=DIRECTION('center_axis',(1.,0.,0.));
#3576=DIRECTION('ref_axis',(0.,-1.,0.));
#3577=DIRECTION('',(0.,1.,0.));
#3578=DIRECTION('',(0.,-1.,0.));
#3579=DIRECTION('',(0.,0.,-1.));
#3580=DIRECTION('center_axis',(0.,1.,0.));
#3581=DIRECTION('ref_axis',(1.,0.,0.));
#3582=DIRECTION('',(-1.,0.,0.));
#3583=DIRECTION('',(1.,0.,0.));
#3584=DIRECTION('center_axis',(0.,0.,1.));
#3585=DIRECTION('ref_axis',(-1.,0.,0.));
#3586=DIRECTION('center_axis',(0.,0.,-1.));
#3587=DIRECTION('ref_axis',(-1.,0.,0.));
#3588=DIRECTION('center_axis',(-1.,0.,0.));
#3589=DIRECTION('ref_axis',(0.,1.,0.));
#3590=DIRECTION('',(0.,-1.,0.));
#3591=DIRECTION('',(0.,0.,-1.));
#3592=DIRECTION('',(0.,1.,0.));
#3593=DIRECTION('',(0.,0.,-1.));
#3594=DIRECTION('center_axis',(0.,-1.,0.));
#3595=DIRECTION('ref_axis',(-1.,0.,0.));
#3596=DIRECTION('',(1.,0.,0.));
#3597=DIRECTION('',(-1.,0.,0.));
#3598=DIRECTION('',(0.,0.,-1.));
#3599=DIRECTION('center_axis',(1.,0.,0.));
#3600=DIRECTION('ref_axis',(0.,-1.,0.));
#3601=DIRECTION('',(0.,1.,0.));
#3602=DIRECTION('',(0.,-1.,0.));
#3603=DIRECTION('',(0.,0.,-1.));
#3604=DIRECTION('center_axis',(0.,1.,0.));
#3605=DIRECTION('ref_axis',(1.,0.,0.));
#3606=DIRECTION('',(-1.,0.,0.));
#3607=DIRECTION('',(1.,0.,0.));
#3608=DIRECTION('center_axis',(0.,0.,1.));
#3609=DIRECTION('ref_axis',(-1.,0.,0.));
#3610=DIRECTION('center_axis',(0.,0.,-1.));
#3611=DIRECTION('ref_axis',(-1.,0.,0.));
#3612=DIRECTION('center_axis',(-1.,0.,0.));
#3613=DIRECTION('ref_axis',(0.,1.,0.));
#3614=DIRECTION('',(0.,1.,0.));
#3615=DIRECTION('',(0.,0.,-1.));
#3616=DIRECTION('',(0.,1.,0.));
#3617=DIRECTION('',(0.,0.,-1.));
#3618=DIRECTION('center_axis',(0.,-1.,0.));
#3619=DIRECTION('ref_axis',(-1.,0.,0.));
#3620=DIRECTION('',(-1.,0.,0.));
#3621=DIRECTION('',(-1.,0.,0.));
#3622=DIRECTION('',(0.,0.,-1.));
#3623=DIRECTION('center_axis',(1.,0.,0.));
#3624=DIRECTION('ref_axis',(0.,-1.,0.));
#3625=DIRECTION('',(0.,-1.,0.));
#3626=DIRECTION('',(0.,-1.,0.));
#3627=DIRECTION('',(0.,0.,-1.));
#3628=DIRECTION('center_axis',(0.,1.,0.));
#3629=DIRECTION('ref_axis',(1.,0.,0.));
#3630=DIRECTION('',(1.,0.,0.));
#3631=DIRECTION('',(1.,0.,0.));
#3632=DIRECTION('center_axis',(0.,0.,1.));
#3633=DIRECTION('ref_axis',(-1.,0.,0.));
#3634=DIRECTION('center_axis',(0.,0.,-1.));
#3635=DIRECTION('ref_axis',(-1.,0.,0.));
#3636=DIRECTION('center_axis',(-1.,0.,0.));
#3637=DIRECTION('ref_axis',(0.,1.,0.));
#3638=DIRECTION('',(0.,1.,0.));
#3639=DIRECTION('',(0.,0.,-1.));
#3640=DIRECTION('',(0.,1.,0.));
#3641=DIRECTION('',(0.,0.,-1.));
#3642=DIRECTION('center_axis',(0.,-1.,0.));
#3643=DIRECTION('ref_axis',(-1.,0.,0.));
#3644=DIRECTION('',(-1.,0.,0.));
#3645=DIRECTION('',(-1.,0.,0.));
#3646=DIRECTION('',(0.,0.,-1.));
#3647=DIRECTION('center_axis',(1.,0.,0.));
#3648=DIRECTION('ref_axis',(0.,-1.,0.));
#3649=DIRECTION('',(0.,-1.,0.));
#3650=DIRECTION('',(0.,-1.,0.));
#3651=DIRECTION('',(0.,0.,-1.));
#3652=DIRECTION('center_axis',(0.,1.,0.));
#3653=DIRECTION('ref_axis',(1.,0.,0.));
#3654=DIRECTION('',(1.,0.,0.));
#3655=DIRECTION('',(1.,0.,0.));
#3656=DIRECTION('center_axis',(0.,0.,1.));
#3657=DIRECTION('ref_axis',(-1.,0.,0.));
#3658=DIRECTION('center_axis',(0.,0.,-1.));
#3659=DIRECTION('ref_axis',(-1.,0.,0.));
#3660=CARTESIAN_POINT('',(0.,0.,0.));
#3661=CARTESIAN_POINT('Origin',(-10.,10.,0.));
#3662=CARTESIAN_POINT('',(-11.,10.,3.));
#3663=CARTESIAN_POINT('Origin',(-10.,10.,3.));
#3664=CARTESIAN_POINT('',(-11.,10.,0.));
#3665=CARTESIAN_POINT('',(-11.,10.,0.));
#3666=CARTESIAN_POINT('Origin',(-10.,10.,0.));
#3667=CARTESIAN_POINT('Origin',(10.,-10.,0.));
#3668=CARTESIAN_POINT('',(9.,-10.,3.));
#3669=CARTESIAN_POINT('Origin',(10.,-10.,3.));
#3670=CARTESIAN_POINT('',(9.,-10.,0.));
#3671=CARTESIAN_POINT('',(9.,-10.,0.));
#3672=CARTESIAN_POINT('Origin',(10.,-10.,0.));
#3673=CARTESIAN_POINT('Origin',(10.,10.,0.));
#3674=CARTESIAN_POINT('',(9.,10.,3.));
#3675=CARTESIAN_POINT('Origin',(10.,10.,3.));
#3676=CARTESIAN_POINT('',(9.,10.,0.));
#3677=CARTESIAN_POINT('',(9.,10.,0.));
#3678=CARTESIAN_POINT('Origin',(10.,10.,0.));
#3679=CARTESIAN_POINT('Origin',(-10.,-10.,0.));
#3680=CARTESIAN_POINT('',(-11.,-10.,3.));
#3681=CARTESIAN_POINT('Origin',(-10.,-10.,3.));
#3682=CARTESIAN_POINT('',(-11.,-10.,0.));
#3683=CARTESIAN_POINT('',(-11.,-10.,0.));
#3684=CARTESIAN_POINT('Origin',(-10.,-10.,0.));
#3685=CARTESIAN_POINT('Origin',(15.5,13.5,0.));
#3686=CARTESIAN_POINT('',(15.5,13.5,0.));
#3687=CARTESIAN_POINT('',(-15.5,13.5,0.));
#3688=CARTESIAN_POINT('',(15.5,13.5,0.));
#3689=CARTESIAN_POINT('',(-15.5,13.5,3.));
#3690=CARTESIAN_POINT('',(-15.5,13.5,0.));
#3691=CARTESIAN_POINT('',(15.5,13.5,3.));
#3692=CARTESIAN_POINT('',(15.5,13.5,3.));
#3693=CARTESIAN_POINT('',(15.5,13.5,0.));
#3694=CARTESIAN_POINT('Origin',(15.5,-13.5,0.));
#3695=CARTESIAN_POINT('',(15.5,-13.5,0.));
#3696=CARTESIAN_POINT('',(15.5,-13.5,0.));
#3697=CARTESIAN_POINT('',(15.5,-13.5,3.));
#3698=CARTESIAN_POINT('',(15.5,-13.5,3.));
#3699=CARTESIAN_POINT('',(15.5,-13.5,0.));
#3700=CARTESIAN_POINT('Origin',(-15.5,-13.5,0.));
#3701=CARTESIAN_POINT('',(-15.5,-13.5,0.));
#3702=CARTESIAN_POINT('',(-15.5,-13.5,0.));
#3703=CARTESIAN_POINT('',(-15.5,-13.5,3.));
#3704=CARTESIAN_POINT('',(-15.5,-13.5,3.));
#3705=CARTESIAN_POINT('',(-15.5,-13.5,0.));
#3706=CARTESIAN_POINT('Origin',(-15.5,13.5,0.));
#3707=CARTESIAN_POINT('',(-15.5,13.5,0.));
#3708=CARTESIAN_POINT('',(-15.5,13.5,3.));
#3709=CARTESIAN_POINT('Origin',(2.22044604925031E-15,0.,3.));
#3710=CARTESIAN_POINT('Origin',(2.22044604925031E-15,0.,0.));
#3711=CARTESIAN_POINT('Origin',(18.5,0.5,3.));
#3712=CARTESIAN_POINT('',(18.5,3.5,3.));
#3713=CARTESIAN_POINT('',(18.5,0.5,3.));
#3714=CARTESIAN_POINT('',(18.5,3.5,3.));
#3715=CARTESIAN_POINT('',(18.5,3.5,3.5));
#3716=CARTESIAN_POINT('',(18.5,3.5,3.));
#3717=CARTESIAN_POINT('',(18.5,0.5,3.5));
#3718=CARTESIAN_POINT('',(18.5,3.5,3.5));
#3719=CARTESIAN_POINT('',(18.5,0.5,3.));
#3720=CARTESIAN_POINT('Origin',(12.5,0.5,3.));
#3721=CARTESIAN_POINT('',(12.5,0.5,3.));
#3722=CARTESIAN_POINT('',(18.5,0.5,3.));
#3723=CARTESIAN_POINT('',(12.5,0.5,3.5));
#3724=CARTESIAN_POINT('',(18.5,0.5,3.5));
#3725=CARTESIAN_POINT('',(12.5,0.5,3.));
#3726=CARTESIAN_POINT('Origin',(12.5,3.5,3.));
#3727=CARTESIAN_POINT('',(12.5,3.5,3.));
#3728=CARTESIAN_POINT('',(12.5,0.5,3.));
#3729=CARTESIAN_POINT('',(12.5,3.5,3.5));
#3730=CARTESIAN_POINT('',(12.5,0.5,3.5));
#3731=CARTESIAN_POINT('',(12.5,3.5,3.));
#3732=CARTESIAN_POINT('Origin',(18.5,3.5,3.));
#3733=CARTESIAN_POINT('',(12.5,3.5,3.));
#3734=CARTESIAN_POINT('',(12.5,3.5,3.5));
#3735=CARTESIAN_POINT('Origin',(15.5,2.,3.5));
#3736=CARTESIAN_POINT('Origin',(15.5,2.,3.));
#3737=CARTESIAN_POINT('Origin',(4.35714285714285,-16.5,3.));
#3738=CARTESIAN_POINT('',(4.35714285714285,-10.5,3.));
#3739=CARTESIAN_POINT('',(4.35714285714285,-16.5,3.));
#3740=CARTESIAN_POINT('',(4.35714285714285,-10.5,3.));
#3741=CARTESIAN_POINT('',(4.35714285714285,-10.5,3.5));
#3742=CARTESIAN_POINT('',(4.35714285714285,-10.5,3.));
#3743=CARTESIAN_POINT('',(4.35714285714285,-16.5,3.5));
#3744=CARTESIAN_POINT('',(4.35714285714285,-10.5,3.5));
#3745=CARTESIAN_POINT('',(4.35714285714285,-16.5,3.));
#3746=CARTESIAN_POINT('Origin',(1.35714285714285,-16.5,3.));
#3747=CARTESIAN_POINT('',(1.35714285714285,-16.5,3.));
#3748=CARTESIAN_POINT('',(4.35714285714285,-16.5,3.));
#3749=CARTESIAN_POINT('',(1.35714285714285,-16.5,3.5));
#3750=CARTESIAN_POINT('',(4.35714285714285,-16.5,3.5));
#3751=CARTESIAN_POINT('',(1.35714285714285,-16.5,3.));
#3752=CARTESIAN_POINT('Origin',(1.35714285714285,-10.5,3.));
#3753=CARTESIAN_POINT('',(1.35714285714285,-10.5,3.));
#3754=CARTESIAN_POINT('',(1.35714285714285,-16.5,3.));
#3755=CARTESIAN_POINT('',(1.35714285714285,-10.5,3.5));
#3756=CARTESIAN_POINT('',(1.35714285714285,-16.5,3.5));
#3757=CARTESIAN_POINT('',(1.35714285714285,-10.5,3.));
#3758=CARTESIAN_POINT('Origin',(4.35714285714285,-10.5,3.));
#3759=CARTESIAN_POINT('',(1.35714285714285,-10.5,3.));
#3760=CARTESIAN_POINT('',(1.35714285714285,-10.5,3.5));
#3761=CARTESIAN_POINT('Origin',(2.85714285714285,-13.5,3.5));
#3762=CARTESIAN_POINT('Origin',(2.85714285714285,-13.5,3.));
#3763=CARTESIAN_POINT('Origin',(-12.5,-3.50233399803318,3.));
#3764=CARTESIAN_POINT('',(-12.5,-3.50233399803318,3.));
#3765=CARTESIAN_POINT('',(-12.5,-0.50233399803318,3.));
#3766=CARTESIAN_POINT('',(-12.5,-3.50233399803318,3.));
#3767=CARTESIAN_POINT('',(-12.5,-0.50233399803318,3.5));
#3768=CARTESIAN_POINT('',(-12.5,-0.50233399803318,3.));
#3769=CARTESIAN_POINT('',(-12.5,-3.50233399803318,3.5));
#3770=CARTESIAN_POINT('',(-12.5,-3.50233399803318,3.5));
#3771=CARTESIAN_POINT('',(-12.5,-3.50233399803318,3.));
#3772=CARTESIAN_POINT('Origin',(-18.5,-3.50233399803318,3.));
#3773=CARTESIAN_POINT('',(-18.5,-3.50233399803318,3.));
#3774=CARTESIAN_POINT('',(-18.5,-3.50233399803318,3.));
#3775=CARTESIAN_POINT('',(-18.5,-3.50233399803318,3.5));
#3776=CARTESIAN_POINT('',(-18.5,-3.50233399803318,3.5));
#3777=CARTESIAN_POINT('',(-18.5,-3.50233399803318,3.));
#3778=CARTESIAN_POINT('Origin',(-18.5,-0.50233399803318,3.));
#3779=CARTESIAN_POINT('',(-18.5,-0.50233399803318,3.));
#3780=CARTESIAN_POINT('',(-18.5,-0.50233399803318,3.));
#3781=CARTESIAN_POINT('',(-18.5,-0.50233399803318,3.5));
#3782=CARTESIAN_POINT('',(-18.5,-0.50233399803318,3.5));
#3783=CARTESIAN_POINT('',(-18.5,-0.50233399803318,3.));
#3784=CARTESIAN_POINT('Origin',(-12.5,-0.50233399803318,3.));
#3785=CARTESIAN_POINT('',(-12.5,-0.50233399803318,3.));
#3786=CARTESIAN_POINT('',(-12.5,-0.50233399803318,3.5));
#3787=CARTESIAN_POINT('Origin',(-15.5,-2.00233399803318,3.5));
#3788=CARTESIAN_POINT('Origin',(-15.5,-2.00233399803318,3.));
#3789=CARTESIAN_POINT('Origin',(-12.5,8.5,3.));
#3790=CARTESIAN_POINT('',(-12.5,8.5,3.));
#3791=CARTESIAN_POINT('',(-12.5,11.5,3.));
#3792=CARTESIAN_POINT('',(-12.5,8.5,3.));
#3793=CARTESIAN_POINT('',(-12.5,11.5,3.5));
#3794=CARTESIAN_POINT('',(-12.5,11.5,3.));
#3795=CARTESIAN_POINT('',(-12.5,8.5,3.5));
#3796=CARTESIAN_POINT('',(-12.5,8.5,3.5));
#3797=CARTESIAN_POINT('',(-12.5,8.5,3.));
#3798=CARTESIAN_POINT('Origin',(-18.5,8.5,3.));
#3799=CARTESIAN_POINT('',(-18.5,8.5,3.));
#3800=CARTESIAN_POINT('',(-18.5,8.5,3.));
#3801=CARTESIAN_POINT('',(-18.5,8.5,3.5));
#3802=CARTESIAN_POINT('',(-18.5,8.5,3.5));
#3803=CARTESIAN_POINT('',(-18.5,8.5,3.));
#3804=CARTESIAN_POINT('Origin',(-18.5,11.5,3.));
#3805=CARTESIAN_POINT('',(-18.5,11.5,3.));
#3806=CARTESIAN_POINT('',(-18.5,11.5,3.));
#3807=CARTESIAN_POINT('',(-18.5,11.5,3.5));
#3808=CARTESIAN_POINT('',(-18.5,11.5,3.5));
#3809=CARTESIAN_POINT('',(-18.5,11.5,3.));
#3810=CARTESIAN_POINT('Origin',(-12.5,11.5,3.));
#3811=CARTESIAN_POINT('',(-12.5,11.5,3.));
#3812=CARTESIAN_POINT('',(-12.5,11.5,3.5));
#3813=CARTESIAN_POINT('Origin',(-15.5,10.,3.5));
#3814=CARTESIAN_POINT('Origin',(-15.5,10.,3.));
#3815=CARTESIAN_POINT('Origin',(-12.5,-7.50233399803318,3.));
#3816=CARTESIAN_POINT('',(-12.5,-7.50233399803318,3.));
#3817=CARTESIAN_POINT('',(-12.5,-4.50233399803318,3.));
#3818=CARTESIAN_POINT('',(-12.5,-7.50233399803318,3.));
#3819=CARTESIAN_POINT('',(-12.5,-4.50233399803318,3.5));
#3820=CARTESIAN_POINT('',(-12.5,-4.50233399803318,3.));
#3821=CARTESIAN_POINT('',(-12.5,-7.50233399803318,3.5));
#3822=CARTESIAN_POINT('',(-12.5,-7.50233399803318,3.5));
#3823=CARTESIAN_POINT('',(-12.5,-7.50233399803318,3.));
#3824=CARTESIAN_POINT('Origin',(-18.5,-7.50233399803318,3.));
#3825=CARTESIAN_POINT('',(-18.5,-7.50233399803318,3.));
#3826=CARTESIAN_POINT('',(-18.5,-7.50233399803318,3.));
#3827=CARTESIAN_POINT('',(-18.5,-7.50233399803318,3.5));
#3828=CARTESIAN_POINT('',(-18.5,-7.50233399803318,3.5));
#3829=CARTESIAN_POINT('',(-18.5,-7.50233399803318,3.));
#3830=CARTESIAN_POINT('Origin',(-18.5,-4.50233399803318,3.));
#3831=CARTESIAN_POINT('',(-18.5,-4.50233399803318,3.));
#3832=CARTESIAN_POINT('',(-18.5,-4.50233399803318,3.));
#3833=CARTESIAN_POINT('',(-18.5,-4.50233399803318,3.5));
#3834=CARTESIAN_POINT('',(-18.5,-4.50233399803318,3.5));
#3835=CARTESIAN_POINT('',(-18.5,-4.50233399803318,3.));
#3836=CARTESIAN_POINT('Origin',(-12.5,-4.50233399803318,3.));
#3837=CARTESIAN_POINT('',(-12.5,-4.50233399803318,3.));
#3838=CARTESIAN_POINT('',(-12.5,-4.50233399803318,3.5));
#3839=CARTESIAN_POINT('Origin',(-15.5,-6.00233399803318,3.5));
#3840=CARTESIAN_POINT('Origin',(-15.5,-6.00233399803318,3.));
#3841=CARTESIAN_POINT('Origin',(18.5,-11.5023339980332,3.));
#3842=CARTESIAN_POINT('',(18.5,-8.50233399803318,3.));
#3843=CARTESIAN_POINT('',(18.5,-11.5023339980332,3.));
#3844=CARTESIAN_POINT('',(18.5,-8.50233399803318,3.));
#3845=CARTESIAN_POINT('',(18.5,-8.50233399803318,3.5));
#3846=CARTESIAN_POINT('',(18.5,-8.50233399803318,3.));
#3847=CARTESIAN_POINT('',(18.5,-11.5023339980332,3.5));
#3848=CARTESIAN_POINT('',(18.5,-8.50233399803318,3.5));
#3849=CARTESIAN_POINT('',(18.5,-11.5023339980332,3.));
#3850=CARTESIAN_POINT('Origin',(12.5,-11.5023339980332,3.));
#3851=CARTESIAN_POINT('',(12.5,-11.5023339980332,3.));
#3852=CARTESIAN_POINT('',(18.5,-11.5023339980332,3.));
#3853=CARTESIAN_POINT('',(12.5,-11.5023339980332,3.5));
#3854=CARTESIAN_POINT('',(18.5,-11.5023339980332,3.5));
#3855=CARTESIAN_POINT('',(12.5,-11.5023339980332,3.));
#3856=CARTESIAN_POINT('Origin',(12.5,-8.50233399803318,3.));
#3857=CARTESIAN_POINT('',(12.5,-8.50233399803318,3.));
#3858=CARTESIAN_POINT('',(12.5,-11.5023339980332,3.));
#3859=CARTESIAN_POINT('',(12.5,-8.50233399803318,3.5));
#3860=CARTESIAN_POINT('',(12.5,-11.5023339980332,3.5));
#3861=CARTESIAN_POINT('',(12.5,-8.50233399803318,3.));
#3862=CARTESIAN_POINT('Origin',(18.5,-8.50233399803318,3.));
#3863=CARTESIAN_POINT('',(12.5,-8.50233399803318,3.));
#3864=CARTESIAN_POINT('',(12.5,-8.50233399803318,3.5));
#3865=CARTESIAN_POINT('Origin',(15.5,-10.0023339980332,3.5));
#3866=CARTESIAN_POINT('Origin',(15.5,-10.0023339980332,3.));
#3867=CARTESIAN_POINT('Origin',(18.5,4.5,3.));
#3868=CARTESIAN_POINT('',(18.5,7.5,3.));
#3869=CARTESIAN_POINT('',(18.5,4.5,3.));
#3870=CARTESIAN_POINT('',(18.5,7.5,3.));
#3871=CARTESIAN_POINT('',(18.5,7.5,3.5));
#3872=CARTESIAN_POINT('',(18.5,7.5,3.));
#3873=CARTESIAN_POINT('',(18.5,4.5,3.5));
#3874=CARTESIAN_POINT('',(18.5,7.5,3.5));
#3875=CARTESIAN_POINT('',(18.5,4.5,3.));
#3876=CARTESIAN_POINT('Origin',(12.5,4.5,3.));
#3877=CARTESIAN_POINT('',(12.5,4.5,3.));
#3878=CARTESIAN_POINT('',(18.5,4.5,3.));
#3879=CARTESIAN_POINT('',(12.5,4.5,3.5));
#3880=CARTESIAN_POINT('',(18.5,4.5,3.5));
#3881=CARTESIAN_POINT('',(12.5,4.5,3.));
#3882=CARTESIAN_POINT('Origin',(12.5,7.5,3.));
#3883=CARTESIAN_POINT('',(12.5,7.5,3.));
#3884=CARTESIAN_POINT('',(12.5,4.5,3.));
#3885=CARTESIAN_POINT('',(12.5,7.5,3.5));
#3886=CARTESIAN_POINT('',(12.5,4.5,3.5));
#3887=CARTESIAN_POINT('',(12.5,7.5,3.));
#3888=CARTESIAN_POINT('Origin',(18.5,7.5,3.));
#3889=CARTESIAN_POINT('',(12.5,7.5,3.));
#3890=CARTESIAN_POINT('',(12.5,7.5,3.5));
#3891=CARTESIAN_POINT('Origin',(15.5,6.,3.5));
#3892=CARTESIAN_POINT('Origin',(15.5,6.,3.));
#3893=CARTESIAN_POINT('Origin',(18.5,-3.50233399803318,3.));
#3894=CARTESIAN_POINT('',(18.5,-0.502333998033181,3.));
#3895=CARTESIAN_POINT('',(18.5,-3.50233399803318,3.));
#3896=CARTESIAN_POINT('',(18.5,-0.502333998033181,3.));
#3897=CARTESIAN_POINT('',(18.5,-0.502333998033181,3.5));
#3898=CARTESIAN_POINT('',(18.5,-0.502333998033181,3.));
#3899=CARTESIAN_POINT('',(18.5,-3.50233399803318,3.5));
#3900=CARTESIAN_POINT('',(18.5,-0.502333998033181,3.5));
#3901=CARTESIAN_POINT('',(18.5,-3.50233399803318,3.));
#3902=CARTESIAN_POINT('Origin',(12.5,-3.50233399803318,3.));
#3903=CARTESIAN_POINT('',(12.5,-3.50233399803318,3.));
#3904=CARTESIAN_POINT('',(18.5,-3.50233399803318,3.));
#3905=CARTESIAN_POINT('',(12.5,-3.50233399803318,3.5));
#3906=CARTESIAN_POINT('',(18.5,-3.50233399803318,3.5));
#3907=CARTESIAN_POINT('',(12.5,-3.50233399803318,3.));
#3908=CARTESIAN_POINT('Origin',(12.5,-0.502333998033181,3.));
#3909=CARTESIAN_POINT('',(12.5,-0.502333998033181,3.));
#3910=CARTESIAN_POINT('',(12.5,-3.50233399803318,3.));
#3911=CARTESIAN_POINT('',(12.5,-0.502333998033181,3.5));
#3912=CARTESIAN_POINT('',(12.5,-3.50233399803318,3.5));
#3913=CARTESIAN_POINT('',(12.5,-0.502333998033181,3.));
#3914=CARTESIAN_POINT('Origin',(18.5,-0.502333998033181,3.));
#3915=CARTESIAN_POINT('',(12.5,-0.502333998033181,3.));
#3916=CARTESIAN_POINT('',(12.5,-0.502333998033181,3.5));
#3917=CARTESIAN_POINT('Origin',(15.5,-2.00233399803318,3.5));
#3918=CARTESIAN_POINT('Origin',(15.5,-2.00233399803318,3.));
#3919=CARTESIAN_POINT('Origin',(-1.35714285714286,-16.5,3.));
#3920=CARTESIAN_POINT('',(-1.35714285714286,-10.5,3.));
#3921=CARTESIAN_POINT('',(-1.35714285714286,-16.5,3.));
#3922=CARTESIAN_POINT('',(-1.35714285714286,-10.5,3.));
#3923=CARTESIAN_POINT('',(-1.35714285714286,-10.5,3.5));
#3924=CARTESIAN_POINT('',(-1.35714285714286,-10.5,3.));
#3925=CARTESIAN_POINT('',(-1.35714285714286,-16.5,3.5));
#3926=CARTESIAN_POINT('',(-1.35714285714286,-10.5,3.5));
#3927=CARTESIAN_POINT('',(-1.35714285714286,-16.5,3.));
#3928=CARTESIAN_POINT('Origin',(-4.35714285714286,-16.5,3.));
#3929=CARTESIAN_POINT('',(-4.35714285714286,-16.5,3.));
#3930=CARTESIAN_POINT('',(-1.35714285714286,-16.5,3.));
#3931=CARTESIAN_POINT('',(-4.35714285714286,-16.5,3.5));
#3932=CARTESIAN_POINT('',(-1.35714285714286,-16.5,3.5));
#3933=CARTESIAN_POINT('',(-4.35714285714286,-16.5,3.));
#3934=CARTESIAN_POINT('Origin',(-4.35714285714286,-10.5,3.));
#3935=CARTESIAN_POINT('',(-4.35714285714286,-10.5,3.));
#3936=CARTESIAN_POINT('',(-4.35714285714286,-16.5,3.));
#3937=CARTESIAN_POINT('',(-4.35714285714286,-10.5,3.5));
#3938=CARTESIAN_POINT('',(-4.35714285714286,-16.5,3.5));
#3939=CARTESIAN_POINT('',(-4.35714285714286,-10.5,3.));
#3940=CARTESIAN_POINT('Origin',(-1.35714285714286,-10.5,3.));
#3941=CARTESIAN_POINT('',(-4.35714285714286,-10.5,3.));
#3942=CARTESIAN_POINT('',(-4.35714285714286,-10.5,3.5));
#3943=CARTESIAN_POINT('Origin',(-2.85714285714286,-13.5,3.5));
#3944=CARTESIAN_POINT('Origin',(-2.85714285714286,-13.5,3.));
#3945=CARTESIAN_POINT('Origin',(-12.5,0.5,3.));
#3946=CARTESIAN_POINT('',(-12.5,0.5,3.));
#3947=CARTESIAN_POINT('',(-12.5,3.5,3.));
#3948=CARTESIAN_POINT('',(-12.5,0.5,3.));
#3949=CARTESIAN_POINT('',(-12.5,3.5,3.5));
#3950=CARTESIAN_POINT('',(-12.5,3.5,3.));
#3951=CARTESIAN_POINT('',(-12.5,0.5,3.5));
#3952=CARTESIAN_POINT('',(-12.5,0.5,3.5));
#3953=CARTESIAN_POINT('',(-12.5,0.5,3.));
#3954=CARTESIAN_POINT('Origin',(-18.5,0.5,3.));
#3955=CARTESIAN_POINT('',(-18.5,0.5,3.));
#3956=CARTESIAN_POINT('',(-18.5,0.5,3.));
#3957=CARTESIAN_POINT('',(-18.5,0.5,3.5));
#3958=CARTESIAN_POINT('',(-18.5,0.5,3.5));
#3959=CARTESIAN_POINT('',(-18.5,0.5,3.));
#3960=CARTESIAN_POINT('Origin',(-18.5,3.5,3.));
#3961=CARTESIAN_POINT('',(-18.5,3.5,3.));
#3962=CARTESIAN_POINT('',(-18.5,3.5,3.));
#3963=CARTESIAN_POINT('',(-18.5,3.5,3.5));
#3964=CARTESIAN_POINT('',(-18.5,3.5,3.5));
#3965=CARTESIAN_POINT('',(-18.5,3.5,3.));
#3966=CARTESIAN_POINT('Origin',(-12.5,3.5,3.));
#3967=CARTESIAN_POINT('',(-12.5,3.5,3.));
#3968=CARTESIAN_POINT('',(-12.5,3.5,3.5));
#3969=CARTESIAN_POINT('Origin',(-15.5,2.,3.5));
#3970=CARTESIAN_POINT('Origin',(-15.5,2.,3.));
#3971=CARTESIAN_POINT('Origin',(-12.5,4.5,3.));
#3972=CARTESIAN_POINT('',(-12.5,4.5,3.));
#3973=CARTESIAN_POINT('',(-12.5,7.5,3.));
#3974=CARTESIAN_POINT('',(-12.5,4.5,3.));
#3975=CARTESIAN_POINT('',(-12.5,7.5,3.5));
#3976=CARTESIAN_POINT('',(-12.5,7.5,3.));
#3977=CARTESIAN_POINT('',(-12.5,4.5,3.5));
#3978=CARTESIAN_POINT('',(-12.5,4.5,3.5));
#3979=CARTESIAN_POINT('',(-12.5,4.5,3.));
#3980=CARTESIAN_POINT('Origin',(-18.5,4.5,3.));
#3981=CARTESIAN_POINT('',(-18.5,4.5,3.));
#3982=CARTESIAN_POINT('',(-18.5,4.5,3.));
#3983=CARTESIAN_POINT('',(-18.5,4.5,3.5));
#3984=CARTESIAN_POINT('',(-18.5,4.5,3.5));
#3985=CARTESIAN_POINT('',(-18.5,4.5,3.));
#3986=CARTESIAN_POINT('Origin',(-18.5,7.5,3.));
#3987=CARTESIAN_POINT('',(-18.5,7.5,3.));
#3988=CARTESIAN_POINT('',(-18.5,7.5,3.));
#3989=CARTESIAN_POINT('',(-18.5,7.5,3.5));
#3990=CARTESIAN_POINT('',(-18.5,7.5,3.5));
#3991=CARTESIAN_POINT('',(-18.5,7.5,3.));
#3992=CARTESIAN_POINT('Origin',(-12.5,7.5,3.));
#3993=CARTESIAN_POINT('',(-12.5,7.5,3.));
#3994=CARTESIAN_POINT('',(-12.5,7.5,3.5));
#3995=CARTESIAN_POINT('Origin',(-15.5,6.,3.5));
#3996=CARTESIAN_POINT('Origin',(-15.5,6.,3.));
#3997=CARTESIAN_POINT('Origin',(-12.5,-11.5023339980332,3.));
#3998=CARTESIAN_POINT('',(-12.5,-11.5023339980332,3.));
#3999=CARTESIAN_POINT('',(-12.5,-8.50233399803318,3.));
#4000=CARTESIAN_POINT('',(-12.5,-11.5023339980332,3.));
#4001=CARTESIAN_POINT('',(-12.5,-8.50233399803318,3.5));
#4002=CARTESIAN_POINT('',(-12.5,-8.50233399803318,3.));
#4003=CARTESIAN_POINT('',(-12.5,-11.5023339980332,3.5));
#4004=CARTESIAN_POINT('',(-12.5,-11.5023339980332,3.5));
#4005=CARTESIAN_POINT('',(-12.5,-11.5023339980332,3.));
#4006=CARTESIAN_POINT('Origin',(-18.5,-11.5023339980332,3.));
#4007=CARTESIAN_POINT('',(-18.5,-11.5023339980332,3.));
#4008=CARTESIAN_POINT('',(-18.5,-11.5023339980332,3.));
#4009=CARTESIAN_POINT('',(-18.5,-11.5023339980332,3.5));
#4010=CARTESIAN_POINT('',(-18.5,-11.5023339980332,3.5));
#4011=CARTESIAN_POINT('',(-18.5,-11.5023339980332,3.));
#4012=CARTESIAN_POINT('Origin',(-18.5,-8.50233399803318,3.));
#4013=CARTESIAN_POINT('',(-18.5,-8.50233399803318,3.));
#4014=CARTESIAN_POINT('',(-18.5,-8.50233399803318,3.));
#4015=CARTESIAN_POINT('',(-18.5,-8.50233399803318,3.5));
#4016=CARTESIAN_POINT('',(-18.5,-8.50233399803318,3.5));
#4017=CARTESIAN_POINT('',(-18.5,-8.50233399803318,3.));
#4018=CARTESIAN_POINT('Origin',(-12.5,-8.50233399803318,3.));
#4019=CARTESIAN_POINT('',(-12.5,-8.50233399803318,3.));
#4020=CARTESIAN_POINT('',(-12.5,-8.50233399803318,3.5));
#4021=CARTESIAN_POINT('Origin',(-15.5,-10.0023339980332,3.5));
#4022=CARTESIAN_POINT('Origin',(-15.5,-10.0023339980332,3.));
#4023=CARTESIAN_POINT('Origin',(18.5,-7.50233399803318,3.));
#4024=CARTESIAN_POINT('',(18.5,-4.50233399803318,3.));
#4025=CARTESIAN_POINT('',(18.5,-7.50233399803318,3.));
#4026=CARTESIAN_POINT('',(18.5,-4.50233399803318,3.));
#4027=CARTESIAN_POINT('',(18.5,-4.50233399803318,3.5));
#4028=CARTESIAN_POINT('',(18.5,-4.50233399803318,3.));
#4029=CARTESIAN_POINT('',(18.5,-7.50233399803318,3.5));
#4030=CARTESIAN_POINT('',(18.5,-4.50233399803318,3.5));
#4031=CARTESIAN_POINT('',(18.5,-7.50233399803318,3.));
#4032=CARTESIAN_POINT('Origin',(12.5,-7.50233399803318,3.));
#4033=CARTESIAN_POINT('',(12.5,-7.50233399803318,3.));
#4034=CARTESIAN_POINT('',(18.5,-7.50233399803318,3.));
#4035=CARTESIAN_POINT('',(12.5,-7.50233399803318,3.5));
#4036=CARTESIAN_POINT('',(18.5,-7.50233399803318,3.5));
#4037=CARTESIAN_POINT('',(12.5,-7.50233399803318,3.));
#4038=CARTESIAN_POINT('Origin',(12.5,-4.50233399803318,3.));
#4039=CARTESIAN_POINT('',(12.5,-4.50233399803318,3.));
#4040=CARTESIAN_POINT('',(12.5,-7.50233399803318,3.));
#4041=CARTESIAN_POINT('',(12.5,-4.50233399803318,3.5));
#4042=CARTESIAN_POINT('',(12.5,-7.50233399803318,3.5));
#4043=CARTESIAN_POINT('',(12.5,-4.50233399803318,3.));
#4044=CARTESIAN_POINT('Origin',(18.5,-4.50233399803318,3.));
#4045=CARTESIAN_POINT('',(12.5,-4.50233399803318,3.));
#4046=CARTESIAN_POINT('',(12.5,-4.50233399803318,3.5));
#4047=CARTESIAN_POINT('Origin',(15.5,-6.00233399803318,3.5));
#4048=CARTESIAN_POINT('Origin',(15.5,-6.00233399803318,3.));
#4049=CARTESIAN_POINT('Origin',(18.5,8.5,3.));
#4050=CARTESIAN_POINT('',(18.5,11.5,3.));
#4051=CARTESIAN_POINT('',(18.5,8.5,3.));
#4052=CARTESIAN_POINT('',(18.5,11.5,3.));
#4053=CARTESIAN_POINT('',(18.5,11.5,3.5));
#4054=CARTESIAN_POINT('',(18.5,11.5,3.));
#4055=CARTESIAN_POINT('',(18.5,8.5,3.5));
#4056=CARTESIAN_POINT('',(18.5,11.5,3.5));
#4057=CARTESIAN_POINT('',(18.5,8.5,3.));
#4058=CARTESIAN_POINT('Origin',(12.5,8.5,3.));
#4059=CARTESIAN_POINT('',(12.5,8.5,3.));
#4060=CARTESIAN_POINT('',(18.5,8.5,3.));
#4061=CARTESIAN_POINT('',(12.5,8.5,3.5));
#4062=CARTESIAN_POINT('',(18.5,8.5,3.5));
#4063=CARTESIAN_POINT('',(12.5,8.5,3.));
#4064=CARTESIAN_POINT('Origin',(12.5,11.5,3.));
#4065=CARTESIAN_POINT('',(12.5,11.5,3.));
#4066=CARTESIAN_POINT('',(12.5,8.5,3.));
#4067=CARTESIAN_POINT('',(12.5,11.5,3.5));
#4068=CARTESIAN_POINT('',(12.5,8.5,3.5));
#4069=CARTESIAN_POINT('',(12.5,11.5,3.));
#4070=CARTESIAN_POINT('Origin',(18.5,11.5,3.));
#4071=CARTESIAN_POINT('',(12.5,11.5,3.));
#4072=CARTESIAN_POINT('',(12.5,11.5,3.5));
#4073=CARTESIAN_POINT('Origin',(15.5,10.,3.5));
#4074=CARTESIAN_POINT('Origin',(15.5,10.,3.));
#4075=CARTESIAN_POINT('Origin',(-5.00000000000001,-8.5,0.));
#4076=CARTESIAN_POINT('',(-5.00000000000001,-8.5,0.));
#4077=CARTESIAN_POINT('',(5.,-8.5,0.));
#4078=CARTESIAN_POINT('',(-5.00000000000001,-8.5,0.));
#4079=CARTESIAN_POINT('',(5.,-8.5,-4.));
#4080=CARTESIAN_POINT('',(5.,-8.5,0.));
#4081=CARTESIAN_POINT('',(-5.,-8.5,-4.));
#4082=CARTESIAN_POINT('',(-5.00000000000001,-8.5,-4.));
#4083=CARTESIAN_POINT('',(-5.00000000000001,-8.5,0.));
#4084=CARTESIAN_POINT('Origin',(-5.,-13.5,0.));
#4085=CARTESIAN_POINT('',(-5.,-13.5,0.));
#4086=CARTESIAN_POINT('',(-5.,-13.5,0.));
#4087=CARTESIAN_POINT('',(-5.,-13.5,-4.));
#4088=CARTESIAN_POINT('',(-5.,-13.5,-4.));
#4089=CARTESIAN_POINT('',(-5.,-13.5,0.));
#4090=CARTESIAN_POINT('Origin',(4.99999999999999,-13.5,0.));
#4091=CARTESIAN_POINT('',(4.99999999999999,-13.5,0.));
#4092=CARTESIAN_POINT('',(4.99999999999999,-13.5,0.));
#4093=CARTESIAN_POINT('',(4.99999999999999,-13.5,-4.));
#4094=CARTESIAN_POINT('',(4.99999999999999,-13.5,-4.));
#4095=CARTESIAN_POINT('',(4.99999999999999,-13.5,0.));
#4096=CARTESIAN_POINT('Origin',(5.,-8.5,0.));
#4097=CARTESIAN_POINT('',(5.,-8.5,0.));
#4098=CARTESIAN_POINT('',(5.,-8.5,-4.));
#4099=CARTESIAN_POINT('Origin',(-5.55111512312578E-15,-11.,-4.));
#4100=CARTESIAN_POINT('Origin',(-5.55111512312578E-15,-11.,0.));
#4101=CARTESIAN_POINT('Origin',(12.5,0.5,3.));
#4102=CARTESIAN_POINT('',(12.5,0.5,3.));
#4103=CARTESIAN_POINT('',(12.5,3.5,3.));
#4104=CARTESIAN_POINT('',(12.5,0.5,3.));
#4105=CARTESIAN_POINT('',(12.5,3.5,-0.5));
#4106=CARTESIAN_POINT('',(12.5,3.5,3.));
#4107=CARTESIAN_POINT('',(12.5,0.5,-0.5));
#4108=CARTESIAN_POINT('',(12.5,0.5,-0.5));
#4109=CARTESIAN_POINT('',(12.5,0.5,3.));
#4110=CARTESIAN_POINT('Origin',(18.5,0.5,3.));
#4111=CARTESIAN_POINT('',(18.5,0.5,3.));
#4112=CARTESIAN_POINT('',(18.5,0.5,3.));
#4113=CARTESIAN_POINT('',(18.5,0.5,-0.5));
#4114=CARTESIAN_POINT('',(18.5,0.5,-0.5));
#4115=CARTESIAN_POINT('',(18.5,0.5,3.));
#4116=CARTESIAN_POINT('Origin',(18.5,3.5,3.));
#4117=CARTESIAN_POINT('',(18.5,3.5,3.));
#4118=CARTESIAN_POINT('',(18.5,3.5,3.));
#4119=CARTESIAN_POINT('',(18.5,3.5,-0.5));
#4120=CARTESIAN_POINT('',(18.5,3.5,-0.5));
#4121=CARTESIAN_POINT('',(18.5,3.5,3.));
#4122=CARTESIAN_POINT('Origin',(12.5,3.5,3.));
#4123=CARTESIAN_POINT('',(12.5,3.5,3.));
#4124=CARTESIAN_POINT('',(12.5,3.5,-0.5));
#4125=CARTESIAN_POINT('Origin',(15.5,2.,3.));
#4126=CARTESIAN_POINT('Origin',(15.5,2.,-0.5));
#4127=CARTESIAN_POINT('Origin',(-18.5,-11.5023339980332,3.));
#4128=CARTESIAN_POINT('',(-18.5,-8.50233399803318,3.));
#4129=CARTESIAN_POINT('',(-18.5,-11.5023339980332,3.));
#4130=CARTESIAN_POINT('',(-18.5,-8.50233399803318,3.));
#4131=CARTESIAN_POINT('',(-18.5,-8.50233399803318,-0.5));
#4132=CARTESIAN_POINT('',(-18.5,-8.50233399803318,3.));
#4133=CARTESIAN_POINT('',(-18.5,-11.5023339980332,-0.5));
#4134=CARTESIAN_POINT('',(-18.5,-8.50233399803318,-0.5));
#4135=CARTESIAN_POINT('',(-18.5,-11.5023339980332,3.));
#4136=CARTESIAN_POINT('Origin',(-12.5,-11.5023339980332,3.));
#4137=CARTESIAN_POINT('',(-12.5,-11.5023339980332,3.));
#4138=CARTESIAN_POINT('',(-18.5,-11.5023339980332,3.));
#4139=CARTESIAN_POINT('',(-12.5,-11.5023339980332,-0.5));
#4140=CARTESIAN_POINT('',(-18.5,-11.5023339980332,-0.5));
#4141=CARTESIAN_POINT('',(-12.5,-11.5023339980332,3.));
#4142=CARTESIAN_POINT('Origin',(-12.5,-8.50233399803318,3.));
#4143=CARTESIAN_POINT('',(-12.5,-8.50233399803318,3.));
#4144=CARTESIAN_POINT('',(-12.5,-11.5023339980332,3.));
#4145=CARTESIAN_POINT('',(-12.5,-8.50233399803318,-0.5));
#4146=CARTESIAN_POINT('',(-12.5,-11.5023339980332,-0.5));
#4147=CARTESIAN_POINT('',(-12.5,-8.50233399803318,3.));
#4148=CARTESIAN_POINT('Origin',(-18.5,-8.50233399803318,3.));
#4149=CARTESIAN_POINT('',(-12.5,-8.50233399803318,3.));
#4150=CARTESIAN_POINT('',(-12.5,-8.50233399803318,-0.5));
#4151=CARTESIAN_POINT('Origin',(-15.5,-10.0023339980332,3.));
#4152=CARTESIAN_POINT('Origin',(-15.5,-10.0023339980332,-0.5));
#4153=CARTESIAN_POINT('Origin',(-18.5,4.5,3.));
#4154=CARTESIAN_POINT('',(-18.5,7.5,3.));
#4155=CARTESIAN_POINT('',(-18.5,4.5,3.));
#4156=CARTESIAN_POINT('',(-18.5,7.5,3.));
#4157=CARTESIAN_POINT('',(-18.5,7.5,-0.5));
#4158=CARTESIAN_POINT('',(-18.5,7.5,3.));
#4159=CARTESIAN_POINT('',(-18.5,4.5,-0.5));
#4160=CARTESIAN_POINT('',(-18.5,7.5,-0.5));
#4161=CARTESIAN_POINT('',(-18.5,4.5,3.));
#4162=CARTESIAN_POINT('Origin',(-12.5,4.5,3.));
#4163=CARTESIAN_POINT('',(-12.5,4.5,3.));
#4164=CARTESIAN_POINT('',(-18.5,4.5,3.));
#4165=CARTESIAN_POINT('',(-12.5,4.5,-0.5));
#4166=CARTESIAN_POINT('',(-18.5,4.5,-0.5));
#4167=CARTESIAN_POINT('',(-12.5,4.5,3.));
#4168=CARTESIAN_POINT('Origin',(-12.5,7.5,3.));
#4169=CARTESIAN_POINT('',(-12.5,7.5,3.));
#4170=CARTESIAN_POINT('',(-12.5,4.5,3.));
#4171=CARTESIAN_POINT('',(-12.5,7.5,-0.5));
#4172=CARTESIAN_POINT('',(-12.5,4.5,-0.5));
#4173=CARTESIAN_POINT('',(-12.5,7.5,3.));
#4174=CARTESIAN_POINT('Origin',(-18.5,7.5,3.));
#4175=CARTESIAN_POINT('',(-12.5,7.5,3.));
#4176=CARTESIAN_POINT('',(-12.5,7.5,-0.5));
#4177=CARTESIAN_POINT('Origin',(-15.5,6.,3.));
#4178=CARTESIAN_POINT('Origin',(-15.5,6.,-0.5));
#4179=CARTESIAN_POINT('Origin',(-18.5,0.5,3.));
#4180=CARTESIAN_POINT('',(-18.5,3.5,3.));
#4181=CARTESIAN_POINT('',(-18.5,0.5,3.));
#4182=CARTESIAN_POINT('',(-18.5,3.5,3.));
#4183=CARTESIAN_POINT('',(-18.5,3.5,-0.5));
#4184=CARTESIAN_POINT('',(-18.5,3.5,3.));
#4185=CARTESIAN_POINT('',(-18.5,0.5,-0.5));
#4186=CARTESIAN_POINT('',(-18.5,3.5,-0.5));
#4187=CARTESIAN_POINT('',(-18.5,0.5,3.));
#4188=CARTESIAN_POINT('Origin',(-12.5,0.5,3.));
#4189=CARTESIAN_POINT('',(-12.5,0.5,3.));
#4190=CARTESIAN_POINT('',(-18.5,0.5,3.));
#4191=CARTESIAN_POINT('',(-12.5,0.5,-0.5));
#4192=CARTESIAN_POINT('',(-18.5,0.5,-0.5));
#4193=CARTESIAN_POINT('',(-12.5,0.5,3.));
#4194=CARTESIAN_POINT('Origin',(-12.5,3.5,3.));
#4195=CARTESIAN_POINT('',(-12.5,3.5,3.));
#4196=CARTESIAN_POINT('',(-12.5,0.5,3.));
#4197=CARTESIAN_POINT('',(-12.5,3.5,-0.5));
#4198=CARTESIAN_POINT('',(-12.5,0.5,-0.5));
#4199=CARTESIAN_POINT('',(-12.5,3.5,3.));
#4200=CARTESIAN_POINT('Origin',(-18.5,3.5,3.));
#4201=CARTESIAN_POINT('',(-12.5,3.5,3.));
#4202=CARTESIAN_POINT('',(-12.5,3.5,-0.5));
#4203=CARTESIAN_POINT('Origin',(-15.5,2.,3.));
#4204=CARTESIAN_POINT('Origin',(-15.5,2.,-0.5));
#4205=CARTESIAN_POINT('Origin',(12.5,-11.5023339980332,3.));
#4206=CARTESIAN_POINT('',(12.5,-11.5023339980332,3.));
#4207=CARTESIAN_POINT('',(12.5,-8.50233399803318,3.));
#4208=CARTESIAN_POINT('',(12.5,-11.5023339980332,3.));
#4209=CARTESIAN_POINT('',(12.5,-8.50233399803318,-0.5));
#4210=CARTESIAN_POINT('',(12.5,-8.50233399803318,3.));
#4211=CARTESIAN_POINT('',(12.5,-11.5023339980332,-0.5));
#4212=CARTESIAN_POINT('',(12.5,-11.5023339980332,-0.5));
#4213=CARTESIAN_POINT('',(12.5,-11.5023339980332,3.));
#4214=CARTESIAN_POINT('Origin',(18.5,-11.5023339980332,3.));
#4215=CARTESIAN_POINT('',(18.5,-11.5023339980332,3.));
#4216=CARTESIAN_POINT('',(18.5,-11.5023339980332,3.));
#4217=CARTESIAN_POINT('',(18.5,-11.5023339980332,-0.5));
#4218=CARTESIAN_POINT('',(18.5,-11.5023339980332,-0.5));
#4219=CARTESIAN_POINT('',(18.5,-11.5023339980332,3.));
#4220=CARTESIAN_POINT('Origin',(18.5,-8.50233399803318,3.));
#4221=CARTESIAN_POINT('',(18.5,-8.50233399803318,3.));
#4222=CARTESIAN_POINT('',(18.5,-8.50233399803318,3.));
#4223=CARTESIAN_POINT('',(18.5,-8.50233399803318,-0.5));
#4224=CARTESIAN_POINT('',(18.5,-8.50233399803318,-0.5));
#4225=CARTESIAN_POINT('',(18.5,-8.50233399803318,3.));
#4226=CARTESIAN_POINT('Origin',(12.5,-8.50233399803318,3.));
#4227=CARTESIAN_POINT('',(12.5,-8.50233399803318,3.));
#4228=CARTESIAN_POINT('',(12.5,-8.50233399803318,-0.5));
#4229=CARTESIAN_POINT('Origin',(15.5,-10.0023339980332,3.));
#4230=CARTESIAN_POINT('Origin',(15.5,-10.0023339980332,-0.5));
#4231=CARTESIAN_POINT('Origin',(12.5,4.5,3.));
#4232=CARTESIAN_POINT('',(12.5,4.5,3.));
#4233=CARTESIAN_POINT('',(12.5,7.5,3.));
#4234=CARTESIAN_POINT('',(12.5,4.5,3.));
#4235=CARTESIAN_POINT('',(12.5,7.5,-0.5));
#4236=CARTESIAN_POINT('',(12.5,7.5,3.));
#4237=CARTESIAN_POINT('',(12.5,4.5,-0.5));
#4238=CARTESIAN_POINT('',(12.5,4.5,-0.5));
#4239=CARTESIAN_POINT('',(12.5,4.5,3.));
#4240=CARTESIAN_POINT('Origin',(18.5,4.5,3.));
#4241=CARTESIAN_POINT('',(18.5,4.5,3.));
#4242=CARTESIAN_POINT('',(18.5,4.5,3.));
#4243=CARTESIAN_POINT('',(18.5,4.5,-0.5));
#4244=CARTESIAN_POINT('',(18.5,4.5,-0.5));
#4245=CARTESIAN_POINT('',(18.5,4.5,3.));
#4246=CARTESIAN_POINT('Origin',(18.5,7.5,3.));
#4247=CARTESIAN_POINT('',(18.5,7.5,3.));
#4248=CARTESIAN_POINT('',(18.5,7.5,3.));
#4249=CARTESIAN_POINT('',(18.5,7.5,-0.5));
#4250=CARTESIAN_POINT('',(18.5,7.5,-0.5));
#4251=CARTESIAN_POINT('',(18.5,7.5,3.));
#4252=CARTESIAN_POINT('Origin',(12.5,7.5,3.));
#4253=CARTESIAN_POINT('',(12.5,7.5,3.));
#4254=CARTESIAN_POINT('',(12.5,7.5,-0.5));
#4255=CARTESIAN_POINT('Origin',(15.5,6.,3.));
#4256=CARTESIAN_POINT('Origin',(15.5,6.,-0.5));
#4257=CARTESIAN_POINT('Origin',(12.5,-3.50233399803318,3.));
#4258=CARTESIAN_POINT('',(12.5,-3.50233399803318,3.));
#4259=CARTESIAN_POINT('',(12.5,-0.502333998033181,3.));
#4260=CARTESIAN_POINT('',(12.5,-3.50233399803318,3.));
#4261=CARTESIAN_POINT('',(12.5,-0.502333998033181,-0.5));
#4262=CARTESIAN_POINT('',(12.5,-0.502333998033181,3.));
#4263=CARTESIAN_POINT('',(12.5,-3.50233399803318,-0.5));
#4264=CARTESIAN_POINT('',(12.5,-3.50233399803318,-0.5));
#4265=CARTESIAN_POINT('',(12.5,-3.50233399803318,3.));
#4266=CARTESIAN_POINT('Origin',(18.5,-3.50233399803318,3.));
#4267=CARTESIAN_POINT('',(18.5,-3.50233399803318,3.));
#4268=CARTESIAN_POINT('',(18.5,-3.50233399803318,3.));
#4269=CARTESIAN_POINT('',(18.5,-3.50233399803318,-0.5));
#4270=CARTESIAN_POINT('',(18.5,-3.50233399803318,-0.5));
#4271=CARTESIAN_POINT('',(18.5,-3.50233399803318,3.));
#4272=CARTESIAN_POINT('Origin',(18.5,-0.502333998033181,3.));
#4273=CARTESIAN_POINT('',(18.5,-0.502333998033181,3.));
#4274=CARTESIAN_POINT('',(18.5,-0.502333998033181,3.));
#4275=CARTESIAN_POINT('',(18.5,-0.502333998033181,-0.5));
#4276=CARTESIAN_POINT('',(18.5,-0.502333998033181,-0.5));
#4277=CARTESIAN_POINT('',(18.5,-0.502333998033181,3.));
#4278=CARTESIAN_POINT('Origin',(12.5,-0.502333998033181,3.));
#4279=CARTESIAN_POINT('',(12.5,-0.502333998033181,3.));
#4280=CARTESIAN_POINT('',(12.5,-0.502333998033181,-0.5));
#4281=CARTESIAN_POINT('Origin',(15.5,-2.00233399803318,3.));
#4282=CARTESIAN_POINT('Origin',(15.5,-2.00233399803318,-0.5));
#4283=CARTESIAN_POINT('Origin',(-18.5,-7.50233399803318,3.));
#4284=CARTESIAN_POINT('',(-18.5,-4.50233399803318,3.));
#4285=CARTESIAN_POINT('',(-18.5,-7.50233399803318,3.));
#4286=CARTESIAN_POINT('',(-18.5,-4.50233399803318,3.));
#4287=CARTESIAN_POINT('',(-18.5,-4.50233399803318,-0.5));
#4288=CARTESIAN_POINT('',(-18.5,-4.50233399803318,3.));
#4289=CARTESIAN_POINT('',(-18.5,-7.50233399803318,-0.5));
#4290=CARTESIAN_POINT('',(-18.5,-4.50233399803318,-0.5));
#4291=CARTESIAN_POINT('',(-18.5,-7.50233399803318,3.));
#4292=CARTESIAN_POINT('Origin',(-12.5,-7.50233399803318,3.));
#4293=CARTESIAN_POINT('',(-12.5,-7.50233399803318,3.));
#4294=CARTESIAN_POINT('',(-18.5,-7.50233399803318,3.));
#4295=CARTESIAN_POINT('',(-12.5,-7.50233399803318,-0.5));
#4296=CARTESIAN_POINT('',(-18.5,-7.50233399803318,-0.5));
#4297=CARTESIAN_POINT('',(-12.5,-7.50233399803318,3.));
#4298=CARTESIAN_POINT('Origin',(-12.5,-4.50233399803318,3.));
#4299=CARTESIAN_POINT('',(-12.5,-4.50233399803318,3.));
#4300=CARTESIAN_POINT('',(-12.5,-7.50233399803318,3.));
#4301=CARTESIAN_POINT('',(-12.5,-4.50233399803318,-0.5));
#4302=CARTESIAN_POINT('',(-12.5,-7.50233399803318,-0.5));
#4303=CARTESIAN_POINT('',(-12.5,-4.50233399803318,3.));
#4304=CARTESIAN_POINT('Origin',(-18.5,-4.50233399803318,3.));
#4305=CARTESIAN_POINT('',(-12.5,-4.50233399803318,3.));
#4306=CARTESIAN_POINT('',(-12.5,-4.50233399803318,-0.5));
#4307=CARTESIAN_POINT('Origin',(-15.5,-6.00233399803318,3.));
#4308=CARTESIAN_POINT('Origin',(-15.5,-6.00233399803318,-0.5));
#4309=CARTESIAN_POINT('Origin',(-18.5,8.5,3.));
#4310=CARTESIAN_POINT('',(-18.5,11.5,3.));
#4311=CARTESIAN_POINT('',(-18.5,8.5,3.));
#4312=CARTESIAN_POINT('',(-18.5,11.5,3.));
#4313=CARTESIAN_POINT('',(-18.5,11.5,-0.5));
#4314=CARTESIAN_POINT('',(-18.5,11.5,3.));
#4315=CARTESIAN_POINT('',(-18.5,8.5,-0.5));
#4316=CARTESIAN_POINT('',(-18.5,11.5,-0.5));
#4317=CARTESIAN_POINT('',(-18.5,8.5,3.));
#4318=CARTESIAN_POINT('Origin',(-12.5,8.5,3.));
#4319=CARTESIAN_POINT('',(-12.5,8.5,3.));
#4320=CARTESIAN_POINT('',(-18.5,8.5,3.));
#4321=CARTESIAN_POINT('',(-12.5,8.5,-0.5));
#4322=CARTESIAN_POINT('',(-18.5,8.5,-0.5));
#4323=CARTESIAN_POINT('',(-12.5,8.5,3.));
#4324=CARTESIAN_POINT('Origin',(-12.5,11.5,3.));
#4325=CARTESIAN_POINT('',(-12.5,11.5,3.));
#4326=CARTESIAN_POINT('',(-12.5,8.5,3.));
#4327=CARTESIAN_POINT('',(-12.5,11.5,-0.5));
#4328=CARTESIAN_POINT('',(-12.5,8.5,-0.5));
#4329=CARTESIAN_POINT('',(-12.5,11.5,3.));
#4330=CARTESIAN_POINT('Origin',(-18.5,11.5,3.));
#4331=CARTESIAN_POINT('',(-12.5,11.5,3.));
#4332=CARTESIAN_POINT('',(-12.5,11.5,-0.5));
#4333=CARTESIAN_POINT('Origin',(-15.5,10.,3.));
#4334=CARTESIAN_POINT('Origin',(-15.5,10.,-0.5));
#4335=CARTESIAN_POINT('Origin',(-18.5,-3.50233399803318,3.));
#4336=CARTESIAN_POINT('',(-18.5,-0.50233399803318,3.));
#4337=CARTESIAN_POINT('',(-18.5,-3.50233399803318,3.));
#4338=CARTESIAN_POINT('',(-18.5,-0.50233399803318,3.));
#4339=CARTESIAN_POINT('',(-18.5,-0.50233399803318,-0.5));
#4340=CARTESIAN_POINT('',(-18.5,-0.50233399803318,3.));
#4341=CARTESIAN_POINT('',(-18.5,-3.50233399803318,-0.5));
#4342=CARTESIAN_POINT('',(-18.5,-0.50233399803318,-0.5));
#4343=CARTESIAN_POINT('',(-18.5,-3.50233399803318,3.));
#4344=CARTESIAN_POINT('Origin',(-12.5,-3.50233399803318,3.));
#4345=CARTESIAN_POINT('',(-12.5,-3.50233399803318,3.));
#4346=CARTESIAN_POINT('',(-18.5,-3.50233399803318,3.));
#4347=CARTESIAN_POINT('',(-12.5,-3.50233399803318,-0.5));
#4348=CARTESIAN_POINT('',(-18.5,-3.50233399803318,-0.5));
#4349=CARTESIAN_POINT('',(-12.5,-3.50233399803318,3.));
#4350=CARTESIAN_POINT('Origin',(-12.5,-0.50233399803318,3.));
#4351=CARTESIAN_POINT('',(-12.5,-0.50233399803318,3.));
#4352=CARTESIAN_POINT('',(-12.5,-3.50233399803318,3.));
#4353=CARTESIAN_POINT('',(-12.5,-0.50233399803318,-0.5));
#4354=CARTESIAN_POINT('',(-12.5,-3.50233399803318,-0.5));
#4355=CARTESIAN_POINT('',(-12.5,-0.50233399803318,3.));
#4356=CARTESIAN_POINT('Origin',(-18.5,-0.50233399803318,3.));
#4357=CARTESIAN_POINT('',(-12.5,-0.50233399803318,3.));
#4358=CARTESIAN_POINT('',(-12.5,-0.50233399803318,-0.5));
#4359=CARTESIAN_POINT('Origin',(-15.5,-2.00233399803318,3.));
#4360=CARTESIAN_POINT('Origin',(-15.5,-2.00233399803318,-0.5));
#4361=CARTESIAN_POINT('Origin',(12.5,-7.50233399803318,3.));
#4362=CARTESIAN_POINT('',(12.5,-7.50233399803318,3.));
#4363=CARTESIAN_POINT('',(12.5,-4.50233399803318,3.));
#4364=CARTESIAN_POINT('',(12.5,-7.50233399803318,3.));
#4365=CARTESIAN_POINT('',(12.5,-4.50233399803318,-0.5));
#4366=CARTESIAN_POINT('',(12.5,-4.50233399803318,3.));
#4367=CARTESIAN_POINT('',(12.5,-7.50233399803318,-0.5));
#4368=CARTESIAN_POINT('',(12.5,-7.50233399803318,-0.5));
#4369=CARTESIAN_POINT('',(12.5,-7.50233399803318,3.));
#4370=CARTESIAN_POINT('Origin',(18.5,-7.50233399803318,3.));
#4371=CARTESIAN_POINT('',(18.5,-7.50233399803318,3.));
#4372=CARTESIAN_POINT('',(18.5,-7.50233399803318,3.));
#4373=CARTESIAN_POINT('',(18.5,-7.50233399803318,-0.5));
#4374=CARTESIAN_POINT('',(18.5,-7.50233399803318,-0.5));
#4375=CARTESIAN_POINT('',(18.5,-7.50233399803318,3.));
#4376=CARTESIAN_POINT('Origin',(18.5,-4.50233399803318,3.));
#4377=CARTESIAN_POINT('',(18.5,-4.50233399803318,3.));
#4378=CARTESIAN_POINT('',(18.5,-4.50233399803318,3.));
#4379=CARTESIAN_POINT('',(18.5,-4.50233399803318,-0.5));
#4380=CARTESIAN_POINT('',(18.5,-4.50233399803318,-0.5));
#4381=CARTESIAN_POINT('',(18.5,-4.50233399803318,3.));
#4382=CARTESIAN_POINT('Origin',(12.5,-4.50233399803318,3.));
#4383=CARTESIAN_POINT('',(12.5,-4.50233399803318,3.));
#4384=CARTESIAN_POINT('',(12.5,-4.50233399803318,-0.5));
#4385=CARTESIAN_POINT('Origin',(15.5,-6.00233399803318,3.));
#4386=CARTESIAN_POINT('Origin',(15.5,-6.00233399803318,-0.5));
#4387=CARTESIAN_POINT('Origin',(12.5,8.5,3.));
#4388=CARTESIAN_POINT('',(12.5,8.5,3.));
#4389=CARTESIAN_POINT('',(12.5,11.5,3.));
#4390=CARTESIAN_POINT('',(12.5,8.5,3.));
#4391=CARTESIAN_POINT('',(12.5,11.5,-0.5));
#4392=CARTESIAN_POINT('',(12.5,11.5,3.));
#4393=CARTESIAN_POINT('',(12.5,8.5,-0.5));
#4394=CARTESIAN_POINT('',(12.5,8.5,-0.5));
#4395=CARTESIAN_POINT('',(12.5,8.5,3.));
#4396=CARTESIAN_POINT('Origin',(18.5,8.5,3.));
#4397=CARTESIAN_POINT('',(18.5,8.5,3.));
#4398=CARTESIAN_POINT('',(18.5,8.5,3.));
#4399=CARTESIAN_POINT('',(18.5,8.5,-0.5));
#4400=CARTESIAN_POINT('',(18.5,8.5,-0.5));
#4401=CARTESIAN_POINT('',(18.5,8.5,3.));
#4402=CARTESIAN_POINT('Origin',(18.5,11.5,3.));
#4403=CARTESIAN_POINT('',(18.5,11.5,3.));
#4404=CARTESIAN_POINT('',(18.5,11.5,3.));
#4405=CARTESIAN_POINT('',(18.5,11.5,-0.5));
#4406=CARTESIAN_POINT('',(18.5,11.5,-0.5));
#4407=CARTESIAN_POINT('',(18.5,11.5,3.));
#4408=CARTESIAN_POINT('Origin',(12.5,11.5,3.));
#4409=CARTESIAN_POINT('',(12.5,11.5,3.));
#4410=CARTESIAN_POINT('',(12.5,11.5,-0.5));
#4411=CARTESIAN_POINT('Origin',(15.5,10.,3.));
#4412=CARTESIAN_POINT('Origin',(15.5,10.,-0.5));
#4413=UNCERTAINTY_MEASURE_WITH_UNIT(LENGTH_MEASURE(0.01),#4417,
'DISTANCE_ACCURACY_VALUE',
'Maximum model space distance between geometric entities at asserted c
onnectivities');
#4414=UNCERTAINTY_MEASURE_WITH_UNIT(LENGTH_MEASURE(0.01),#4417,
'DISTANCE_ACCURACY_VALUE',
'Maximum model space distance between geometric entities at asserted c
onnectivities');
#4415=(
GEOMETRIC_REPRESENTATION_CONTEXT(3)
GLOBAL_UNCERTAINTY_ASSIGNED_CONTEXT((#4413))
GLOBAL_UNIT_ASSIGNED_CONTEXT((#4417,#4419,#4420))
REPRESENTATION_CONTEXT('','3D')
);
#4416=(
GEOMETRIC_REPRESENTATION_CONTEXT(3)
GLOBAL_UNCERTAINTY_ASSIGNED_CONTEXT((#4414))
GLOBAL_UNIT_ASSIGNED_CONTEXT((#4417,#4419,#4420))
REPRESENTATION_CONTEXT('','3D')
);
#4417=(
LENGTH_UNIT()
NAMED_UNIT(*)
SI_UNIT(.MILLI.,.METRE.)
);
#4418=(
LENGTH_UNIT()
NAMED_UNIT(*)
SI_UNIT($,.METRE.)
);
#4419=(
NAMED_UNIT(*)
PLANE_ANGLE_UNIT()
SI_UNIT($,.RADIAN.)
);
#4420=(
NAMED_UNIT(*)
SI_UNIT($,.STERADIAN.)
SOLID_ANGLE_UNIT()
);
#4421=SHAPE_DEFINITION_REPRESENTATION(#4422,#4423);
#4422=PRODUCT_DEFINITION_SHAPE('',$,#4425);
#4423=SHAPE_REPRESENTATION('',(#2777),#4415);
#4424=PRODUCT_DEFINITION_CONTEXT('part definition',#4429,'design');
#4425=PRODUCT_DEFINITION('2026-03-09-20-37-22-280','ESC_HAKRC_20A',#4426,
#4424);
#4426=PRODUCT_DEFINITION_FORMATION('',$,#4431);
#4427=PRODUCT_RELATED_PRODUCT_CATEGORY('ESC_HAKRC_20A','ESC_HAKRC_20A',
(#4431));
#4428=APPLICATION_PROTOCOL_DEFINITION('international standard',
'automotive_design',2009,#4429);
#4429=APPLICATION_CONTEXT(
'Core Data for Automotive Mechanical Design Process');
#4430=PRODUCT_CONTEXT('part definition',#4429,'mechanical');
#4431=PRODUCT('2026-03-09-20-37-22-280','ESC_HAKRC_20A',$,(#4430));
#4432=PRESENTATION_STYLE_ASSIGNMENT((#4436));
#4433=PRESENTATION_STYLE_ASSIGNMENT((#4437));
#4434=PRESENTATION_STYLE_ASSIGNMENT((#4438));
#4435=PRESENTATION_STYLE_ASSIGNMENT((#4439));
#4436=SURFACE_STYLE_USAGE(.BOTH.,#4440);
#4437=SURFACE_STYLE_USAGE(.BOTH.,#4441);
#4438=SURFACE_STYLE_USAGE(.BOTH.,#4442);
#4439=SURFACE_STYLE_USAGE(.BOTH.,#4443);
#4440=SURFACE_SIDE_STYLE('',(#4444));
#4441=SURFACE_SIDE_STYLE('',(#4445));
#4442=SURFACE_SIDE_STYLE('',(#4446));
#4443=SURFACE_SIDE_STYLE('',(#4447));
#4444=SURFACE_STYLE_FILL_AREA(#4448);
#4445=SURFACE_STYLE_FILL_AREA(#4449);
#4446=SURFACE_STYLE_FILL_AREA(#4450);
#4447=SURFACE_STYLE_FILL_AREA(#4451);
#4448=FILL_AREA_STYLE('Steel - Satin',(#4452));
#4449=FILL_AREA_STYLE('Paint - Enamel Glossy (Black)',(#4453));
#4450=FILL_AREA_STYLE('Gold - Polished',(#4454));
#4451=FILL_AREA_STYLE('Paint - Enamel Glossy (White)',(#4455));
#4452=FILL_AREA_STYLE_COLOUR('Steel - Satin',#4456);
#4453=FILL_AREA_STYLE_COLOUR('Paint - Enamel Glossy (Black)',#4457);
#4454=FILL_AREA_STYLE_COLOUR('Gold - Polished',#4458);
#4455=FILL_AREA_STYLE_COLOUR('Paint - Enamel Glossy (White)',#4459);
#4456=COLOUR_RGB('Steel - Satin',0.627450980392157,0.627450980392157,0.627450980392157);
#4457=COLOUR_RGB('Paint - Enamel Glossy (Black)',0.0980392156862745,0.0980392156862745,
0.0980392156862745);
#4458=COLOUR_RGB('Gold - Polished',0.956862745098039,0.898039215686275,
0.654901960784314);
#4459=COLOUR_RGB('Paint - Enamel Glossy (White)',0.964705882352941,0.964705882352941,
0.952941176470588);
ENDSEC;
END-ISO-10303-21;
